arrangement_id,update_datetime,requester_staff_id,wfh_date,wfh_type,current_approval_status,approving_officer,delegate_approving_offer,reason_description,batch_id,latest_log_id,supporting_doc_1,supporting_doc_2,supporting_doc_3,status_reason,I
1,2025-09-08T07:57:09Z,190032.0,3/5/25,FULL,PENDING_WITHDRAWAL,150008.0,,,49,1,,,,,WFH - Taking a day for self-care or to manage stress and prevent burnout.
2,2025-05-02T02:08:29Z,150126.0,20/9/25,PM,APPROVED,151408.0,,,40,1,,,,,"WFH - Handling important personal matters such as legal appointments, bank work, or home repairs."
3,2025-02-08T23:28:14Z,151608.0,7/4/25,PM,WITHDRAWN,151408.0,,,63,1,,,,,"WFH - Taking care of a family member, elderly care, or childcare issues."
4,2024-12-27T15:25:27Z,160212.0,4/7/25,PM,REJECTED,160008.0,,,94,1,,,,,"WFH - Handling important personal matters such as legal appointments, bank work, or home repairs."
5,2025-08-01T21:06:50Z,151584.0,26/12/24,PM,PENDING_WITHDRAWAL,151408.0,,,3,1,,,,,"WFH - Planned time off to recharge, travel, or enjoy a break."
6,2025-04-22T09:49:12Z,151547.0,18/12/24,AM,CANCELLED,151408.0,,,32,1,,,,,"WFH - Weather disruptions, transportation issues, or emergencies."
7,2025-01-15T06:22:53Z,190025.0,14/12/24,PM,REJECTED,150008.0,,,18,1,,,,,"OOO - Weather disruptions, transportation issues, or emergencies."
8,2025-06-08T07:57:09Z,151534.0,31/12/24,FULL,APPROVED,151408.0,,,85,1,,,,,"WFH - Weather disruptions, transportation issues, or emergencies."
9,2025-10-10T02:02:06Z,160305.0,16/8/25,FULL,PENDING_APPROVAL,160008.0,,,71,1,,,,,"OOO - Attending a family wedding, birthday, or significant milestone celebration."
10,2025-09-18T09:06:16Z,151560.0,31/8/25,PM,APPROVED,151408.0,,,91,1,,,,,OOO - Celebrating a religious holiday or participating in a faith-based event.
11,2024-11-13T12:00:07Z,150233.0,19/3/25,PM,APPROVED,151408.0,,,8,1,,,,,WFH - Celebrating a religious holiday or participating in a faith-based event.
12,2025-06-08T01:50:01Z,210042.0,21/1/25,PM,APPROVED,210001.0,,,83,1,,,,,"WFH - Taking leave to attend a course, certification, or exam preparation."
13,2024-12-27T03:03:42Z,160329.0,13/11/25,FULL,PENDING_WITHDRAWAL,160008.0,,,82,1,,,,,"WFH - Taking care of a family member, elderly care, or childcare issues."
14,2025-01-07T10:11:29Z,170233.0,13/6/25,AM,WITHDRAWN,171009.0,,,50,1,,,,,"WFH - Personal health issues, dental or specialist appointments, routine check-ups, or recovery after minor surgery."
15,2025-07-01T02:38:05Z,160146.0,19/1/25,AM,CANCELLED,160008.0,,,30,1,,,,,OOO - Moving to a new home or handling logistics related to a recent move.
16,2025-10-11T01:35:08Z,180015.0,17/11/25,AM,PENDING_WITHDRAWAL,180001.0,,,2,1,,,,,"OOO - Planned time off to recharge, travel, or enjoy a break."
17,2025-02-25T03:27:20Z,140878.0,12/4/25,AM,WITHDRAWN,140894.0,,,52,1,,,,,"OOO - Taking care of a family member, elderly care, or childcare issues."
18,2025-06-25T08:11:37Z,150008.0,25/8/25,PM,APPROVED,130002.0,,,67,1,,,,,"WFH - Taking care of a family member, elderly care, or childcare issues."
19,2025-06-08T07:57:09Z,160303.0,8/1/25,AM,REJECTED,160008.0,,,66,1,,,,,"WFH - Weather disruptions, transportation issues, or emergencies."
20,2025-11-08T03:52:53Z,150565.0,15/4/25,FULL,CANCELLED,151408.0,,,38,1,,,,,"WFH - Personal health issues, dental or specialist appointments, routine check-ups, or recovery after minor surgery."
21,2025-01-31T10:16:28Z,140948.0,30/8/25,FULL,REJECTED,140879.0,,,5,1,,,,,"WFH - Taking care of a family member, elderly care, or childcare issues."
22,2025-02-11T03:29:01Z,151525.0,13/7/25,FULL,REJECTED,151408.0,,,39,1,,,,,"WFH - Taking leave to attend a course, certification, or exam preparation."
23,2025-10-23T20:10:46Z,151058.0,27/11/24,AM,WITHDRAWN,151408.0,,,7,1,,,,,"OOO - Handling important personal matters such as legal appointments, bank work, or home repairs."
24,2025-03-02T18:31:08Z,171044.0,27/5/25,AM,PENDING_APPROVAL,171029.0,,,51,1,,,,,"WFH - Taking leave to attend a course, certification, or exam preparation."
25,2025-06-11T11:53:25Z,171048.0,31/8/25,AM,CANCELLED,171029.0,,,2,1,,,,,"WFH - Personal health issues, dental or specialist appointments, routine check-ups, or recovery after minor surgery."
26,2025-06-08T07:57:09Z,190037.0,15/12/24,PM,CANCELLED,150008.0,,,98,1,,,,,WFH - Celebrating a religious holiday or participating in a faith-based event.
27,2025-09-22T03:02:41Z,180019.0,21/1/25,FULL,CANCELLED,180001.0,,,8,1,,,,,"OOO - Planned time off to recharge, travel, or enjoy a break."
28,2024-11-04T02:39:46Z,190035.0,7/12/24,FULL,REJECTED,150008.0,,,62,1,,,,,"WFH - Attending a family wedding, birthday, or significant milestone celebration."
29,2024-11-05T22:52:53Z,180025.0,10/10/25,PM,WITHDRAWN,180001.0,,,74,1,,,,,"WFH - Taking leave to attend a course, certification, or exam preparation."
30,2025-05-24T17:31:48Z,160308.0,5/1/25,AM,REJECTED,160008.0,,,11,1,,,,,"WFH - Personal health issues, dental or specialist appointments, routine check-ups, or recovery after minor surgery."
31,2025-10-07T18:14:31Z,190021.0,6/7/25,AM,PENDING_APPROVAL,150008.0,,,11,1,,,,,WFH - Celebrating a religious holiday or participating in a faith-based event.
32,2025-06-08T07:57:09Z,151459.0,18/10/25,FULL,CANCELLED,151408.0,,,85,1,,,,,WFH - Moving to a new home or handling logistics related to a recent move.
33,2025-03-25T11:14:32Z,140911.0,29/11/24,PM,CANCELLED,140944.0,,,83,1,,,,,WFH - Celebrating a religious holiday or participating in a faith-based event.
34,2025-03-24T23:09:28Z,140015.0,20/8/25,AM,APPROVED,140894.0,,,26,1,,,,,WFH - Taking a day for self-care or to manage stress and prevent burnout.
35,2025-02-20T19:23:06Z,150282.0,28/11/24,AM,PENDING_APPROVAL,151408.0,,,25,1,,,,,"WFH - Handling important personal matters such as legal appointments, bank work, or home repairs."
36,2025-11-07T14:17:58Z,151601.0,27/1/25,FULL,PENDING_APPROVAL,151408.0,,,51,1,,,,,"WFH - Attending a family wedding, birthday, or significant milestone celebration."
37,2024-11-11T11:27:30Z,151610.0,15/12/24,PM,APPROVED,151408.0,,,2,1,,,,,"WFH - Handling important personal matters such as legal appointments, bank work, or home repairs."
38,2025-05-16T23:16:13Z,140948.0,3/9/25,AM,REJECTED,140879.0,,,98,1,,,,,"WFH - Personal health issues, dental or specialist appointments, routine check-ups, or recovery after minor surgery."
39,2025-11-15T20:08:34Z,170233.0,1/10/25,FULL,WITHDRAWN,171009.0,,,57,1,,,,,"WFH - Weather disruptions, transportation issues, or emergencies."
40,2025-08-13T11:38:36Z,151499.0,17/6/25,PM,REJECTED,151408.0,,,84,1,,,,,"WFH - Planned time off to recharge, travel, or enjoy a break."
41,2025-11-03T08:45:23Z,150356.0,27/11/25,PM,REJECTED,151408.0,,,6,1,,,,,"OOO - Taking leave to attend a course, certification, or exam preparation."
42,2025-05-05T13:29:58Z,151481.0,7/11/25,AM,APPROVED,151408.0,,,75,1,,,,,"WFH - Handling important personal matters such as legal appointments, bank work, or home repairs."
43,2025-03-28T15:26:38Z,190095.0,17/6/25,FULL,PENDING_APPROVAL,150008.0,,,62,1,,,,,"OOO - Taking leave to attend a course, certification, or exam preparation."
44,2025-08-22T18:18:46Z,150168.0,6/10/25,FULL,PENDING_APPROVAL,151408.0,,,71,1,,,,,"WFH - Attending a family wedding, birthday, or significant milestone celebration."
45,2025-05-22T17:33:31Z,150095.0,7/8/25,AM,PENDING_APPROVAL,151408.0,,,49,1,,,,,"WFH - Taking care of a family member, elderly care, or childcare issues."
46,2025-06-04T07:33:29Z,190040.0,8/8/25,PM,PENDING_APPROVAL,150008.0,,,88,1,,,,,"WFH - Taking leave to attend a course, certification, or exam preparation."
47,2025-07-15T16:53:41Z,151467.0,6/8/25,FULL,APPROVED,151408.0,,,51,1,,,,,"WFH - Weather disruptions, transportation issues, or emergencies."
48,2025-02-11T00:31:53Z,150162.0,5/10/25,AM,PENDING_WITHDRAWAL,151408.0,,,18,1,,,,,"OOO - Handling important personal matters such as legal appointments, bank work, or home repairs."
49,2025-06-08T07:55:54Z,160337.0,8/6/25,FULL,PENDING_APPROVAL,160008.0,,,27,1,,,,,WFH - Taking a day for self-care or to manage stress and prevent burnout.
50,2025-05-15T17:08:34Z,151526.0,22/5/25,FULL,PENDING_APPROVAL,151408.0,,,96,1,,,,,WFH - Taking a day for self-care or to manage stress and prevent burnout.
51,2025-06-07T16:57:54Z,190041.0,2/10/25,AM,PENDING_WITHDRAWAL,150008.0,,,21,1,,,,,"WFH - Handling important personal matters such as legal appointments, bank work, or home repairs."
52,2025-08-18T13:10:37Z,150096.0,9/3/25,FULL,PENDING_WITHDRAWAL,151408.0,,,19,1,,,,,WFH - Celebrating a religious holiday or participating in a faith-based event.
53,2025-03-23T21:40:45Z,140937.0,15/2/25,PM,PENDING_APPROVAL,140879.0,,,38,1,,,,,"OOO - Attending a family wedding, birthday, or significant milestone celebration."
54,2025-07-06T10:25:39Z,151598.0,11/12/24,FULL,REJECTED,151408.0,,,49,1,,,,,"WFH - Handling important personal matters such as legal appointments, bank work, or home repairs."
55,2024-11-02T06:14:29Z,170233.0,18/4/25,PM,PENDING_WITHDRAWAL,171009.0,,,89,1,,,,,WFH - Moving to a new home or handling logistics related to a recent move.
56,2025-10-27T08:42:27Z,210037.0,10/5/25,FULL,APPROVED,210001.0,,,61,1,,,,,OOO - Taking a day for self-care or to manage stress and prevent burnout.
57,2024-11-21T01:07:11Z,150345.0,12/7/25,FULL,PENDING_APPROVAL,151408.0,,,21,1,,,,,WFH - Moving to a new home or handling logistics related to a recent move.
58,2025-09-24T17:53:59Z,160325.0,4/11/25,FULL,PENDING_APPROVAL,160008.0,,,86,1,,,,,"OOO - Planned time off to recharge, travel, or enjoy a break."
59,2024-12-12T22:19:01Z,190080.0,15/6/25,FULL,APPROVED,150008.0,,,3,1,,,,,"WFH - Handling important personal matters such as legal appointments, bank work, or home repairs."
60,2025-07-29T07:00:47Z,151418.0,10/5/25,FULL,APPROVED,151408.0,,,83,1,,,,,WFH - Moving to a new home or handling logistics related to a recent move.
61,2025-05-31T03:00:07Z,180011.0,10/5/25,PM,WITHDRAWN,180001.0,,,100,1,,,,,"OOO - Taking care of a family member, elderly care, or childcare issues."
62,2025-02-14T19:03:50Z,151443.0,10/5/25,PM,APPROVED,151408.0,,,56,1,,,,,"OOO - Planned time off to recharge, travel, or enjoy a break."
63,2024-11-07T18:26:00Z,190058.0,10/5/25,PM,APPROVED,150008.0,,,64,1,,,,,"WFH - Personal health issues, dental or specialist appointments, routine check-ups, or recovery after minor surgery."
64,2024-12-20T13:41:38Z,171030.0,10/5/25,PM,APPROVED,171043.0,,,59,1,,,,,WFH - Moving to a new home or handling logistics related to a recent move.
65,2025-08-25T14:05:29Z,151596.0,7/2/25,FULL,REJECTED,151408.0,,,3,1,,,,,OOO - Celebrating a religious holiday or participating in a faith-based event.
66,2025-02-17T13:28:03Z,151505.0,8/9/25,PM,PENDING_WITHDRAWAL,151408.0,,,46,1,,,,,"WFH - Taking leave to attend a course, certification, or exam preparation."
67,2025-05-06T13:44:25Z,150525.0,28/6/25,FULL,PENDING_APPROVAL,151408.0,,,57,1,,,,,"WFH - Handling important personal matters such as legal appointments, bank work, or home repairs."
68,2025-03-12T11:41:55Z,150446.0,2/5/25,AM,APPROVED,151408.0,,,37,1,,,,,"WFH - Handling important personal matters such as legal appointments, bank work, or home repairs."
69,2025-08-18T21:09:30Z,171016.0,3/1/25,AM,PENDING_WITHDRAWAL,171018.0,,,63,1,,,,,"WFH - Attending a family wedding, birthday, or significant milestone celebration."
70,2025-02-13T19:15:34Z,150125.0,4/2/25,FULL,PENDING_APPROVAL,151408.0,,,11,1,,,,,"OOO - Attending a family wedding, birthday, or significant milestone celebration."
71,2025-09-19T10:37:03Z,151562.0,14/5/25,FULL,APPROVED,151408.0,,,24,1,,,,,"WFH - Taking care of a family member, elderly care, or childcare issues."
72,2024-12-11T15:13:51Z,151481.0,3/8/25,PM,CANCELLED,151408.0,,,65,1,,,,,"OOO - Taking care of a family member, elderly care, or childcare issues."
73,2025-09-22T07:26:49Z,151410.0,20/9/25,PM,PENDING_APPROVAL,151408.0,,,82,1,,,,,"WFH - Handling important personal matters such as legal appointments, bank work, or home repairs."
74,2025-03-09T12:15:08Z,151510.0,27/10/25,PM,APPROVED,151408.0,,,10,1,,,,,"OOO - Attending a family wedding, birthday, or significant milestone celebration."
75,2024-12-21T23:36:37Z,190032.0,8/7/25,AM,PENDING_WITHDRAWAL,150008.0,,,1,1,,,,,"WFH - Taking care of a family member, elderly care, or childcare issues."
76,2025-06-07T11:02:13Z,190025.0,30/10/25,FULL,PENDING_APPROVAL,150008.0,,,34,1,,,,,"WFH - Weather disruptions, transportation issues, or emergencies."
77,2025-04-19T19:03:02Z,190052.0,2/12/24,PM,APPROVED,150008.0,,,35,1,,,,,WFH - Moving to a new home or handling logistics related to a recent move.
78,2025-01-31T23:49:32Z,180006.0,9/5/25,FULL,PENDING_WITHDRAWAL,180001.0,,,68,1,,,,,"WFH - Attending a family wedding, birthday, or significant milestone celebration."
79,2024-12-27T20:58:30Z,140904.0,19/12/24,FULL,PENDING_WITHDRAWAL,140944.0,,,17,1,,,,,WFH - Taking a day for self-care or to manage stress and prevent burnout.
80,2025-06-12T03:29:26Z,151480.0,19/2/25,AM,APPROVED,151408.0,,,25,1,,,,,"WFH - Personal health issues, dental or specialist appointments, routine check-ups, or recovery after minor surgery."
81,2025-02-19T12:27:05Z,140938.0,13/9/25,PM,WITHDRAWN,140879.0,,,67,1,,,,,"OOO - Weather disruptions, transportation issues, or emergencies."
82,2025-05-30T02:06:56Z,151441.0,12/3/25,PM,REJECTED,151408.0,,,64,1,,,,,"WFH - Planned time off to recharge, travel, or enjoy a break."
83,2025-10-31T04:47:07Z,151507.0,16/1/25,AM,CANCELLED,151408.0,,,88,1,,,,,OOO - Celebrating a religious holiday or participating in a faith-based event.
84,2025-08-25T17:24:40Z,140525.0,16/8/25,PM,APPROVED,140894.0,,,44,1,,,,,"WFH - Handling important personal matters such as legal appointments, bank work, or home repairs."
85,2025-03-18T13:48:14Z,151430.0,16/9/25,PM,REJECTED,151408.0,,,36,1,,,,,"WFH - Planned time off to recharge, travel, or enjoy a break."
86,2025-02-01T18:14:08Z,151608.0,22/12/24,PM,PENDING_APPROVAL,151408.0,,,62,1,,,,,"OOO - Personal health issues, dental or specialist appointments, routine check-ups, or recovery after minor surgery."
87,2025-03-27T13:29:43Z,180004.0,31/10/25,AM,REJECTED,180001.0,,,26,1,,,,,"OOO - Taking care of a family member, elderly care, or childcare issues."
88,2025-11-16T21:48:28Z,151472.0,30/7/25,AM,REJECTED,151408.0,,,74,1,,,,,WFH - Moving to a new home or handling logistics related to a recent move.
89,2025-07-01T11:00:00Z,140894.0,21/3/25,PM,PENDING_APPROVAL,140001.0,,,68,1,,,,,WFH - Taking a day for self-care or to manage stress and prevent burnout.
90,2025-03-09T18:37:00Z,150238.0,27/11/25,AM,PENDING_APPROVAL,151408.0,,,22,1,,,,,WFH - Taking a day for self-care or to manage stress and prevent burnout.
91,2025-03-28T01:09:44Z,160333.0,2/10/25,PM,REJECTED,160008.0,,,99,1,,,,,WFH - Taking a day for self-care or to manage stress and prevent burnout.
92,2025-08-03T19:22:58Z,190068.0,28/9/25,FULL,PENDING_APPROVAL,150008.0,,,87,1,,,,,"OOO - Attending a family wedding, birthday, or significant milestone celebration."
93,2025-10-03T14:19:21Z,180038.0,12/1/25,FULL,APPROVED,180001.0,,,93,1,,,,,"WFH - Personal health issues, dental or specialist appointments, routine check-ups, or recovery after minor surgery."
94,2025-05-07T01:15:23Z,140904.0,30/8/25,PM,REJECTED,140944.0,,,36,1,,,,,"OOO - Planned time off to recharge, travel, or enjoy a break."
95,2025-02-23T08:20:50Z,150138.0,29/6/25,FULL,PENDING_WITHDRAWAL,151408.0,,,71,1,,,,,"WFH - Planned time off to recharge, travel, or enjoy a break."
96,2025-07-27T16:08:53Z,190066.0,1/11/25,AM,CANCELLED,150008.0,,,79,1,,,,,"WFH - Handling important personal matters such as legal appointments, bank work, or home repairs."
97,2024-11-30T11:02:48Z,160258.0,16/11/25,FULL,CANCELLED,160008.0,,,79,1,,,,,"WFH - Planned time off to recharge, travel, or enjoy a break."
98,2024-11-20T13:01:31Z,171027.0,17/11/25,AM,CANCELLED,171029.0,,,76,1,,,,,WFH - Moving to a new home or handling logistics related to a recent move.
99,2025-09-02T16:18:01Z,140945.0,18/5/25,FULL,REJECTED,140879.0,,,11,1,,,,,"WFH - Taking leave to attend a course, certification, or exam preparation."
100,2024-12-22T09:55:27Z,180038.0,24/1/25,FULL,PENDING_WITHDRAWAL,180001.0,,,35,1,,,,,WFH - Taking a day for self-care or to manage stress and prevent burnout.
101,2025-02-23T00:21:57Z,190032.0,3/7/24,AM,APPROVED,150008.0,,,62,1,,,,,"OOO - Planned time off to recharge, travel, or enjoy a break."
102,2024-12-22T18:20:40Z,150398.0,3/8/24,FULL,REJECTED,151408.0,,,26,1,,,,,WFH - Celebrating a religious holiday or participating in a faith-based event.
103,2024-12-25T21:13:55Z,160188.0,4/9/24,PM,PENDING_WITHDRAWAL,160008.0,,,70,1,,,,,WFH - Celebrating a religious holiday or participating in a faith-based event.
104,2025-01-22T07:25:31Z,150633.0,31/7/24,FULL,CANCELLED,151408.0,,,4,1,,,,,"WFH - Taking leave to attend a course, certification, or exam preparation."
105,2025-03-21T11:56:26Z,160324.0,4/10/24,AM,REJECTED,160008.0,,,91,1,,,,,WFH - Moving to a new home or handling logistics related to a recent move.
106,2025-07-27T23:20:01Z,150342.0,30/7/24,AM,PENDING_WITHDRAWAL,151408.0,,,10,1,,,,,"OOO - Attending a family wedding, birthday, or significant milestone celebration."
107,2025-05-31T01:01:47Z,180004.0,8/10/24,AM,PENDING_APPROVAL,180001.0,,,92,1,,,,,"WFH - Personal health issues, dental or specialist appointments, routine check-ups, or recovery after minor surgery."
108,2025-11-27T22:11:23Z,171029.0,17/9/24,AM,CANCELLED,170166.0,,,42,1,,,,,"WFH - Attending a family wedding, birthday, or significant milestone celebration."
109,2025-11-09T19:48:33Z,150162.0,3/7/24,PM,WITHDRAWN,151408.0,,,5,1,,,,,"WFH - Personal health issues, dental or specialist appointments, routine check-ups, or recovery after minor surgery."
110,2025-08-05T11:57:11Z,151467.0,13/9/24,AM,REJECTED,151408.0,,,54,1,,,,,WFH - Moving to a new home or handling logistics related to a recent move.
111,2025-10-24T16:00:13Z,151576.0,10/10/24,FULL,CANCELLED,151408.0,,,59,1,,,,,"OOO - Weather disruptions, transportation issues, or emergencies."
112,2024-11-11T12:33:06Z,151536.0,11/8/24,AM,PENDING_WITHDRAWAL,151408.0,,,55,1,,,,,"WFH - Handling important personal matters such as legal appointments, bank work, or home repairs."
113,2025-01-06T00:11:49Z,151600.0,5/10/24,FULL,APPROVED,151408.0,,,70,1,,,,,"WFH - Weather disruptions, transportation issues, or emergencies."
114,2025-05-05T00:08:29Z,171008.0,2/7/24,FULL,WITHDRAWN,171009.0,,,28,1,,,,,"OOO - Weather disruptions, transportation issues, or emergencies."
115,2024-12-02T11:26:03Z,160303.0,28/10/24,PM,WITHDRAWN,160008.0,,,25,1,,,,,"WFH - Handling important personal matters such as legal appointments, bank work, or home repairs."
116,2024-12-13T11:53:14Z,151548.0,2/7/24,PM,PENDING_WITHDRAWAL,151408.0,,,71,1,,,,,OOO - Taking a day for self-care or to manage stress and prevent burnout.
117,2025-05-18T20:42:58Z,150968.0,2/9/24,PM,PENDING_WITHDRAWAL,151408.0,,,95,1,,,,,"WFH - Personal health issues, dental or specialist appointments, routine check-ups, or recovery after minor surgery."
118,2025-04-15T09:19:32Z,150976.0,30/7/24,AM,CANCELLED,151408.0,,,54,1,,,,,"WFH - Handling important personal matters such as legal appointments, bank work, or home repairs."
119,2025-05-05T07:34:09Z,151507.0,26/9/24,AM,REJECTED,151408.0,,,50,1,,,,,OOO - Moving to a new home or handling logistics related to a recent move.
120,2025-11-04T12:07:51Z,171048.0,1/10/24,FULL,WITHDRAWN,171029.0,,,73,1,,,,,OOO - Taking a day for self-care or to manage stress and prevent burnout.
121,2025-09-11T21:49:37Z,151472.0,26/7/24,AM,WITHDRAWN,151408.0,,,36,1,,,,,"WFH - Personal health issues, dental or specialist appointments, routine check-ups, or recovery after minor surgery."
122,2025-07-02T09:32:26Z,151477.0,8/9/24,AM,APPROVED,151408.0,,,94,1,,,,,"OOO - Handling important personal matters such as legal appointments, bank work, or home repairs."
123,2025-08-30T09:27:55Z,151550.0,15/9/24,PM,APPROVED,151408.0,,,13,1,,,,,WFH - Taking a day for self-care or to manage stress and prevent burnout.
124,2025-02-14T08:13:13Z,160328.0,30/8/24,AM,APPROVED,160008.0,,,19,1,,,,,"WFH - Handling important personal matters such as legal appointments, bank work, or home repairs."
125,2025-06-14T07:53:02Z,151580.0,6/9/24,FULL,PENDING_WITHDRAWAL,151408.0,,,51,1,,,,,WFH - Celebrating a religious holiday or participating in a faith-based event.
126,2025-06-01T16:04:21Z,190093.0,21/7/24,PM,CANCELLED,150008.0,,,82,1,,,,,"WFH - Planned time off to recharge, travel, or enjoy a break."
127,2025-08-27T09:11:25Z,151520.0,24/9/24,PM,CANCELLED,151408.0,,,70,1,,,,,"WFH - Taking leave to attend a course, certification, or exam preparation."
128,2025-05-11T04:44:03Z,210035.0,31/10/24,AM,APPROVED,210001.0,,,92,1,,,,,OOO - Moving to a new home or handling logistics related to a recent move.
129,2025-01-14T03:12:50Z,151571.0,9/7/24,AM,PENDING_APPROVAL,151408.0,,,64,1,,,,,"WFH - Weather disruptions, transportation issues, or emergencies."
130,2025-09-14T10:14:54Z,151539.0,8/7/24,PM,PENDING_APPROVAL,151408.0,,,16,1,,,,,OOO - Taking a day for self-care or to manage stress and prevent burnout.
131,2024-12-24T13:56:56Z,151591.0,10/10/24,AM,REJECTED,151408.0,,,21,1,,,,,WFH - Moving to a new home or handling logistics related to a recent move.
132,2025-04-19T10:34:52Z,151508.0,24/10/24,PM,CANCELLED,151408.0,,,53,1,,,,,"OOO - Handling important personal matters such as legal appointments, bank work, or home repairs."
133,2025-10-17T09:21:44Z,151561.0,22/10/24,PM,APPROVED,151408.0,,,11,1,,,,,"OOO - Weather disruptions, transportation issues, or emergencies."
134,2025-09-06T09:27:10Z,160155.0,21/9/24,AM,APPROVED,160008.0,,,59,1,,,,,OOO - Celebrating a religious holiday or participating in a faith-based event.
135,2025-07-14T01:23:21Z,160282.0,14/9/24,AM,WITHDRAWN,160008.0,,,75,1,,,,,"WFH - Taking care of a family member, elderly care, or childcare issues."
136,2025-08-26T03:45:49Z,151533.0,27/9/24,AM,WITHDRAWN,151408.0,,,47,1,,,,,"OOO - Taking leave to attend a course, certification, or exam preparation."
137,2025-02-06T09:41:13Z,140003.0,18/9/24,FULL,CANCELLED,140894.0,,,50,1,,,,,WFH - Taking a day for self-care or to manage stress and prevent burnout.
138,2025-01-08T05:01:51Z,171038.0,23/9/24,FULL,WITHDRAWN,171043.0,,,47,1,,,,,"WFH - Taking care of a family member, elderly care, or childcare issues."
139,2025-04-29T00:29:35Z,210020.0,18/10/24,FULL,REJECTED,210001.0,,,30,1,,,,,"OOO - Attending a family wedding, birthday, or significant milestone celebration."
140,2025-06-24T13:56:28Z,151491.0,20/10/24,PM,CANCELLED,151408.0,,,100,1,,,,,WFH - Celebrating a religious holiday or participating in a faith-based event.
141,2025-04-24T20:20:24Z,210017.0,29/8/24,PM,WITHDRAWN,210001.0,,,29,1,,,,,"WFH - Taking care of a family member, elderly care, or childcare issues."
142,2025-03-16T16:12:11Z,151574.0,17/8/24,PM,REJECTED,151408.0,,,90,1,,,,,WFH - Taking a day for self-care or to manage stress and prevent burnout.
143,2025-04-13T08:28:18Z,151418.0,25/8/24,AM,PENDING_WITHDRAWAL,151408.0,,,45,1,,,,,"WFH - Weather disruptions, transportation issues, or emergencies."
144,2024-11-13T02:20:58Z,151547.0,25/8/24,AM,CANCELLED,151408.0,,,9,1,,,,,"OOO - Handling important personal matters such as legal appointments, bank work, or home repairs."
145,2025-08-02T01:25:18Z,151467.0,17/9/24,PM,PENDING_APPROVAL,151408.0,,,21,1,,,,,WFH - Celebrating a religious holiday or participating in a faith-based event.
146,2025-03-04T05:21:15Z,210028.0,7/8/24,PM,WITHDRAWN,210001.0,,,7,1,,,,,"WFH - Taking care of a family member, elderly care, or childcare issues."
147,2025-08-16T03:26:30Z,180023.0,9/9/24,PM,PENDING_APPROVAL,180001.0,,,28,1,,,,,WFH - Celebrating a religious holiday or participating in a faith-based event.
148,2025-06-26T01:26:20Z,151431.0,8/7/24,PM,APPROVED,151408.0,,,45,1,,,,,WFH - Celebrating a religious holiday or participating in a faith-based event.
149,2025-10-02T05:38:35Z,151433.0,23/8/24,PM,CANCELLED,151408.0,,,28,1,,,,,"OOO - Planned time off to recharge, travel, or enjoy a break."
150,2024-11-25T06:36:41Z,160318.0,1/8/24,PM,CANCELLED,160008.0,,,64,1,,,,,"OOO - Weather disruptions, transportation issues, or emergencies."
151,2025-10-10T02:18:10Z,180012.0,27/7/24,FULL,WITHDRAWN,180001.0,,,42,1,,,,,"OOO - Taking leave to attend a course, certification, or exam preparation."
152,2024-12-15T22:17:48Z,140078.0,27/7/24,PM,CANCELLED,140894.0,,,87,1,,,,,"OOO - Attending a family wedding, birthday, or significant milestone celebration."
153,2025-05-16T05:31:37Z,150525.0,10/7/24,FULL,PENDING_APPROVAL,151408.0,,,35,1,,,,,"OOO - Personal health issues, dental or specialist appointments, routine check-ups, or recovery after minor surgery."
154,2025-04-18T15:19:56Z,171038.0,8/7/24,AM,PENDING_APPROVAL,171043.0,,,69,1,,,,,"WFH - Attending a family wedding, birthday, or significant milestone celebration."
155,2025-04-28T18:33:17Z,210038.0,11/9/24,AM,WITHDRAWN,210001.0,,,55,1,,,,,WFH - Moving to a new home or handling logistics related to a recent move.
156,2025-01-13T10:17:13Z,190048.0,23/9/24,FULL,PENDING_APPROVAL,150008.0,,,77,1,,,,,"WFH - Taking care of a family member, elderly care, or childcare issues."
157,2025-04-04T12:42:08Z,151521.0,28/9/24,AM,PENDING_APPROVAL,151408.0,,,26,1,,,,,"WFH - Taking care of a family member, elderly care, or childcare issues."
158,2025-10-05T08:23:23Z,151564.0,28/8/24,AM,CANCELLED,151408.0,,,41,1,,,,,"OOO - Attending a family wedding, birthday, or significant milestone celebration."
159,2025-02-23T09:14:30Z,210036.0,26/9/24,AM,CANCELLED,210001.0,,,23,1,,,,,"WFH - Weather disruptions, transportation issues, or emergencies."
160,2025-11-21T10:36:12Z,190091.0,20/9/24,PM,PENDING_APPROVAL,150008.0,,,82,1,,,,,"WFH - Taking care of a family member, elderly care, or childcare issues."
161,2025-06-19T08:19:42Z,150216.0,26/9/24,AM,REJECTED,151408.0,,,73,1,,,,,WFH - Moving to a new home or handling logistics related to a recent move.
162,2025-07-08T13:16:26Z,180002.0,5/9/24,AM,CANCELLED,180001.0,,,78,1,,,,,"OOO - Weather disruptions, transportation issues, or emergencies."
163,2025-08-09T15:14:09Z,160212.0,19/9/24,PM,PENDING_APPROVAL,160008.0,,,24,1,,,,,"WFH - Planned time off to recharge, travel, or enjoy a break."
164,2025-08-26T00:41:21Z,160315.0,10/10/24,PM,PENDING_APPROVAL,160008.0,,,10,1,,,,,"OOO - Handling important personal matters such as legal appointments, bank work, or home repairs."
165,2025-11-15T05:02:31Z,150655.0,25/9/24,PM,CANCELLED,151408.0,,,15,1,,,,,"OOO - Attending a family wedding, birthday, or significant milestone celebration."
166,2025-01-18T22:20:06Z,151500.0,30/9/24,FULL,PENDING_APPROVAL,151408.0,,,72,1,,,,,"WFH - Taking care of a family member, elderly care, or childcare issues."
167,2025-07-23T04:51:12Z,150163.0,18/7/24,PM,PENDING_WITHDRAWAL,151408.0,,,16,1,,,,,WFH - Celebrating a religious holiday or participating in a faith-based event.
168,2024-12-30T01:52:49Z,150345.0,8/10/24,FULL,PENDING_APPROVAL,151408.0,,,66,1,,,,,WFH - Taking a day for self-care or to manage stress and prevent burnout.
169,2024-11-28T11:15:46Z,190017.0,5/8/24,PM,CANCELLED,150008.0,,,56,1,,,,,"WFH - Personal health issues, dental or specialist appointments, routine check-ups, or recovery after minor surgery."
170,2025-05-09T18:39:21Z,151477.0,16/7/24,PM,PENDING_APPROVAL,151408.0,,,41,1,,,,,"WFH - Handling important personal matters such as legal appointments, bank work, or home repairs."
171,2025-11-26T10:25:29Z,151543.0,23/7/24,PM,CANCELLED,151408.0,,,77,1,,,,,WFH - Taking a day for self-care or to manage stress and prevent burnout.
172,2025-04-04T10:02:06Z,170238.0,3/10/24,AM,APPROVED,171009.0,,,100,1,,,,,WFH - Taking a day for self-care or to manage stress and prevent burnout.
173,2025-05-19T07:03:36Z,151595.0,1/10/24,AM,PENDING_WITHDRAWAL,151408.0,,,94,1,,,,,"WFH - Weather disruptions, transportation issues, or emergencies."
174,2025-02-06T07:07:55Z,151507.0,30/8/24,FULL,APPROVED,151408.0,,,41,1,,,,,"OOO - Personal health issues, dental or specialist appointments, routine check-ups, or recovery after minor surgery."
175,2025-05-09T13:14:43Z,140888.0,12/10/24,AM,REJECTED,140008.0,,,6,1,,,,,"WFH - Handling important personal matters such as legal appointments, bank work, or home repairs."
176,2025-04-04T00:39:15Z,151547.0,29/9/24,FULL,PENDING_WITHDRAWAL,151408.0,,,35,1,,,,,"OOO - Taking care of a family member, elderly care, or childcare issues."
177,2025-11-21T04:21:06Z,190067.0,3/10/24,FULL,CANCELLED,150008.0,,,82,1,,,,,"WFH - Weather disruptions, transportation issues, or emergencies."
178,2024-11-16T12:21:08Z,151489.0,11/7/24,AM,PENDING_WITHDRAWAL,151408.0,,,84,1,,,,,OOO - Moving to a new home or handling logistics related to a recent move.
179,2025-09-11T11:44:55Z,190036.0,9/7/24,PM,PENDING_APPROVAL,150008.0,,,8,1,,,,,"WFH - Handling important personal matters such as legal appointments, bank work, or home repairs."
180,2025-01-18T14:52:13Z,190091.0,22/9/24,FULL,WITHDRAWN,150008.0,,,52,1,,,,,WFH - Celebrating a religious holiday or participating in a faith-based event.
181,2025-05-29T22:00:43Z,151613.0,25/8/24,AM,PENDING_APPROVAL,151408.0,,,42,1,,,,,"WFH - Attending a family wedding, birthday, or significant milestone celebration."
182,2025-10-01T12:47:30Z,150632.0,20/8/24,PM,REJECTED,151408.0,,,54,1,,,,,"WFH - Personal health issues, dental or specialist appointments, routine check-ups, or recovery after minor surgery."
183,2025-04-23T19:37:03Z,151198.0,3/8/24,PM,PENDING_APPROVAL,151408.0,,,85,1,,,,,"OOO - Planned time off to recharge, travel, or enjoy a break."
184,2025-10-29T04:41:22Z,190032.0,3/9/24,FULL,CANCELLED,150008.0,,,48,1,,,,,"OOO - Personal health issues, dental or specialist appointments, routine check-ups, or recovery after minor surgery."
185,2025-10-25T00:35:16Z,160333.0,11/7/24,AM,PENDING_APPROVAL,160008.0,,,70,1,,,,,"OOO - Weather disruptions, transportation issues, or emergencies."
186,2025-07-09T10:11:05Z,151443.0,3/7/24,FULL,REJECTED,151408.0,,,85,1,,,,,"WFH - Handling important personal matters such as legal appointments, bank work, or home repairs."
187,2025-08-08T18:32:59Z,151596.0,17/7/24,AM,APPROVED,151408.0,,,70,1,,,,,OOO - Celebrating a religious holiday or participating in a faith-based event.
188,2025-03-22T05:47:33Z,160289.0,26/9/24,FULL,REJECTED,160008.0,,,87,1,,,,,"WFH - Personal health issues, dental or specialist appointments, routine check-ups, or recovery after minor surgery."
189,2025-10-26T07:39:55Z,150216.0,27/8/24,PM,APPROVED,151408.0,,,82,1,,,,,"OOO - Attending a family wedding, birthday, or significant milestone celebration."
190,2025-08-05T20:16:49Z,150118.0,26/8/24,PM,APPROVED,151408.0,,,27,1,,,,,OOO - Celebrating a religious holiday or participating in a faith-based event.
191,2025-10-07T22:34:01Z,210028.0,28/8/24,FULL,PENDING_WITHDRAWAL,210001.0,,,83,1,,,,,"WFH - Taking leave to attend a course, certification, or exam preparation."
192,2025-03-04T05:57:12Z,190089.0,20/10/24,PM,CANCELLED,150008.0,,,84,1,,,,,"WFH - Taking care of a family member, elderly care, or childcare issues."
193,2025-10-24T09:44:24Z,171016.0,7/9/24,AM,CANCELLED,171018.0,,,13,1,,,,,WFH - Celebrating a religious holiday or participating in a faith-based event.
194,2025-07-04T17:40:17Z,150435.0,5/7/24,PM,PENDING_WITHDRAWAL,151408.0,,,44,1,,,,,WFH - Moving to a new home or handling logistics related to a recent move.
195,2025-04-08T09:24:01Z,150095.0,25/10/24,AM,PENDING_APPROVAL,151408.0,,,48,1,,,,,"WFH - Handling important personal matters such as legal appointments, bank work, or home repairs."
196,2024-11-24T21:43:05Z,151408.0,7/8/24,AM,WITHDRAWN,130002.0,,,19,1,,,,,"OOO - Attending a family wedding, birthday, or significant milestone celebration."
197,2024-11-21T16:18:33Z,150423.0,31/8/24,AM,CANCELLED,151408.0,,,39,1,,,,,"WFH - Attending a family wedding, birthday, or significant milestone celebration."
198,2025-07-04T00:51:19Z,151464.0,6/7/24,PM,REJECTED,151408.0,,,56,1,,,,,"OOO - Taking leave to attend a course, certification, or exam preparation."
199,2025-09-06T09:59:41Z,190070.0,2/9/24,FULL,REJECTED,150008.0,,,78,1,,,,,WFH - Taking a day for self-care or to manage stress and prevent burnout.
200,2025-11-22T00:03:51Z,150166.0,2/10/24,PM,PENDING_APPROVAL,151408.0,,,92,1,,,,,"WFH - Weather disruptions, transportation issues, or emergencies."
201,2025-04-19T22:45:02Z,160314.0,18/9/24,PM,CANCELLED,160008.0,,,41,1,,,,,WFH - Taking a day for self-care or to manage stress and prevent burnout.
202,2025-11-11T16:49:26Z,151533.0,13/8/24,PM,CANCELLED,151408.0,,,76,1,,,,,"WFH - Weather disruptions, transportation issues, or emergencies."
203,2025-04-22T09:21:45Z,190009.0,3/7/24,AM,CANCELLED,150008.0,,,19,1,,,,,"WFH - Handling important personal matters such as legal appointments, bank work, or home repairs."
204,2024-12-13T10:16:06Z,151495.0,16/7/24,AM,WITHDRAWN,151408.0,,,38,1,,,,,OOO - Moving to a new home or handling logistics related to a recent move.
205,2025-04-21T11:18:52Z,151527.0,28/8/24,FULL,APPROVED,151408.0,,,66,1,,,,,WFH - Taking a day for self-care or to manage stress and prevent burnout.
206,2025-06-11T03:43:55Z,190044.0,21/7/24,AM,REJECTED,150008.0,,,28,1,,,,,"WFH - Handling important personal matters such as legal appointments, bank work, or home repairs."
207,2025-03-10T23:14:57Z,140927.0,14/8/24,AM,WITHDRAWN,140879.0,,,9,1,,,,,"WFH - Weather disruptions, transportation issues, or emergencies."
208,2025-08-07T10:29:34Z,151560.0,13/7/24,FULL,CANCELLED,151408.0,,,20,1,,,,,OOO - Taking a day for self-care or to manage stress and prevent burnout.
209,2025-07-23T22:27:53Z,150233.0,12/7/24,FULL,APPROVED,151408.0,,,84,1,,,,,"WFH - Handling important personal matters such as legal appointments, bank work, or home repairs."
210,2024-12-21T20:44:48Z,151520.0,2/8/24,PM,REJECTED,151408.0,,,85,1,,,,,WFH - Taking a day for self-care or to manage stress and prevent burnout.
211,2024-12-16T09:26:41Z,151464.0,30/8/24,FULL,WITHDRAWN,151408.0,,,14,1,,,,,"WFH - Handling important personal matters such as legal appointments, bank work, or home repairs."
212,2025-10-24T06:33:48Z,151459.0,1/7/24,FULL,WITHDRAWN,151408.0,,,20,1,,,,,"WFH - Taking leave to attend a course, certification, or exam preparation."
213,2024-12-11T12:50:18Z,151483.0,12/9/24,AM,REJECTED,151408.0,,,100,1,,,,,"WFH - Taking leave to attend a course, certification, or exam preparation."
214,2025-09-11T21:47:27Z,150095.0,31/7/24,PM,WITHDRAWN,151408.0,,,26,1,,,,,"WFH - Attending a family wedding, birthday, or significant milestone celebration."
215,2025-03-09T12:01:07Z,171046.0,17/7/24,AM,CANCELLED,171029.0,,,21,1,,,,,WFH - Moving to a new home or handling logistics related to a recent move.
216,2025-01-14T15:20:23Z,160293.0,25/7/24,AM,WITHDRAWN,160008.0,,,71,1,,,,,WFH - Taking a day for self-care or to manage stress and prevent burnout.
217,2025-05-22T19:18:18Z,151608.0,21/7/24,FULL,CANCELLED,151408.0,,,53,1,,,,,"OOO - Personal health issues, dental or specialist appointments, routine check-ups, or recovery after minor surgery."
218,2025-06-29T05:22:57Z,180019.0,12/7/24,AM,PENDING_WITHDRAWAL,180001.0,,,14,1,,,,,"OOO - Personal health issues, dental or specialist appointments, routine check-ups, or recovery after minor surgery."
219,2025-02-27T15:56:59Z,160316.0,24/10/24,AM,PENDING_WITHDRAWAL,160008.0,,,78,1,,,,,"WFH - Taking care of a family member, elderly care, or childcare issues."
220,2025-09-07T13:35:08Z,190086.0,14/8/24,PM,PENDING_APPROVAL,150008.0,,,66,1,,,,,WFH - Moving to a new home or handling logistics related to a recent move.
221,2025-09-30T07:32:43Z,180034.0,22/7/24,AM,PENDING_WITHDRAWAL,180001.0,,,46,1,,,,,WFH - Celebrating a religious holiday or participating in a faith-based event.
222,2025-06-19T14:50:39Z,190065.0,29/10/24,PM,APPROVED,150008.0,,,61,1,,,,,OOO - Celebrating a religious holiday or participating in a faith-based event.
223,2025-10-14T00:45:58Z,151603.0,26/10/24,FULL,APPROVED,151408.0,,,38,1,,,,,"WFH - Attending a family wedding, birthday, or significant milestone celebration."
224,2025-06-12T21:53:24Z,190092.0,16/10/24,PM,WITHDRAWN,150008.0,,,11,1,,,,,"WFH - Weather disruptions, transportation issues, or emergencies."
225,2024-12-09T15:11:48Z,150318.0,5/10/24,FULL,REJECTED,151408.0,,,36,1,,,,,WFH - Taking a day for self-care or to manage stress and prevent burnout.
226,2025-07-26T02:37:23Z,170166.0,2/10/24,AM,APPROVED,130002.0,,,46,1,,,,,OOO - Moving to a new home or handling logistics related to a recent move.
227,2024-11-15T09:22:47Z,151470.0,22/10/24,AM,PENDING_APPROVAL,151408.0,,,87,1,,,,,"WFH - Weather disruptions, transportation issues, or emergencies."
228,2025-02-17T13:52:13Z,140888.0,12/9/24,AM,PENDING_APPROVAL,140008.0,,,58,1,,,,,"WFH - Planned time off to recharge, travel, or enjoy a break."
229,2025-08-14T04:26:42Z,190016.0,6/9/24,AM,WITHDRAWN,150008.0,,,97,1,,,,,"OOO - Planned time off to recharge, travel, or enjoy a break."
230,2024-11-04T19:51:23Z,190004.0,19/9/24,PM,CANCELLED,150008.0,,,23,1,,,,,"WFH - Planned time off to recharge, travel, or enjoy a break."
231,2025-02-18T21:19:18Z,190028.0,24/8/24,PM,WITHDRAWN,150008.0,,,10,1,,,,,"OOO - Personal health issues, dental or specialist appointments, routine check-ups, or recovery after minor surgery."
232,2024-12-12T17:31:07Z,140102.0,9/7/24,FULL,CANCELLED,140894.0,,,91,1,,,,,OOO - Moving to a new home or handling logistics related to a recent move.
233,2025-05-26T05:36:09Z,151502.0,26/10/24,PM,PENDING_WITHDRAWAL,151408.0,,,21,1,,,,,WFH - Celebrating a religious holiday or participating in a faith-based event.
234,2024-11-25T10:51:17Z,150075.0,8/9/24,PM,WITHDRAWN,151408.0,,,94,1,,,,,"WFH - Taking leave to attend a course, certification, or exam preparation."
235,2024-12-17T21:11:24Z,150976.0,3/9/24,AM,REJECTED,151408.0,,,68,1,,,,,"WFH - Taking care of a family member, elderly care, or childcare issues."
236,2025-09-29T10:40:38Z,150695.0,5/7/24,PM,CANCELLED,151408.0,,,51,1,,,,,WFH - Taking a day for self-care or to manage stress and prevent burnout.
237,2025-10-29T10:00:25Z,210023.0,17/7/24,PM,APPROVED,210001.0,,,46,1,,,,,"WFH - Planned time off to recharge, travel, or enjoy a break."
238,2025-10-04T03:38:29Z,151546.0,1/7/24,FULL,PENDING_WITHDRAWAL,151408.0,,,22,1,,,,,"WFH - Planned time off to recharge, travel, or enjoy a break."
239,2025-04-12T13:44:54Z,140895.0,15/10/24,PM,PENDING_APPROVAL,140103.0,,,4,1,,,,,"WFH - Taking leave to attend a course, certification, or exam preparation."
240,2025-04-16T15:57:05Z,190021.0,8/10/24,AM,PENDING_APPROVAL,150008.0,,,24,1,,,,,"OOO - Planned time off to recharge, travel, or enjoy a break."
241,2025-11-07T06:02:28Z,150115.0,27/7/24,PM,APPROVED,151408.0,,,41,1,,,,,"WFH - Personal health issues, dental or specialist appointments, routine check-ups, or recovery after minor surgery."
242,2025-10-28T09:49:17Z,140003.0,11/8/24,PM,PENDING_WITHDRAWAL,140894.0,,,43,1,,,,,"WFH - Planned time off to recharge, travel, or enjoy a break."
243,2024-11-16T03:06:24Z,151603.0,16/9/24,PM,PENDING_APPROVAL,151408.0,,,52,1,,,,,"OOO - Planned time off to recharge, travel, or enjoy a break."
244,2025-02-04T10:53:12Z,160294.0,3/9/24,FULL,WITHDRAWN,160008.0,,,40,1,,,,,"OOO - Handling important personal matters such as legal appointments, bank work, or home repairs."
245,2025-04-21T15:44:45Z,190017.0,23/8/24,FULL,WITHDRAWN,150008.0,,,52,1,,,,,WFH - Taking a day for self-care or to manage stress and prevent burnout.
246,2025-07-08T16:15:59Z,150398.0,20/10/24,AM,WITHDRAWN,151408.0,,,89,1,,,,,WFH - Taking a day for self-care or to manage stress and prevent burnout.
247,2024-12-24T19:21:14Z,190066.0,26/9/24,FULL,APPROVED,150008.0,,,33,1,,,,,"OOO - Taking leave to attend a course, certification, or exam preparation."
248,2025-11-24T05:13:16Z,151568.0,21/8/24,FULL,PENDING_WITHDRAWAL,151408.0,,,98,1,,,,,"WFH - Taking care of a family member, elderly care, or childcare issues."
249,2025-10-02T23:33:45Z,150215.0,24/8/24,FULL,WITHDRAWN,151408.0,,,59,1,,,,,WFH - Taking a day for self-care or to manage stress and prevent burnout.
250,2025-08-25T18:18:11Z,140937.0,4/10/24,PM,REJECTED,140879.0,,,40,1,,,,,"WFH - Attending a family wedding, birthday, or significant milestone celebration."
251,2025-11-22T18:24:10Z,210020.0,23/10/24,AM,REJECTED,210001.0,,,37,1,,,,,WFH - Moving to a new home or handling logistics related to a recent move.
252,2025-10-16T01:12:53Z,140905.0,2/8/24,AM,PENDING_WITHDRAWAL,140944.0,,,35,1,,,,,"WFH - Taking leave to attend a course, certification, or exam preparation."
253,2025-05-15T22:11:36Z,150265.0,7/9/24,AM,PENDING_WITHDRAWAL,151408.0,,,88,1,,,,,"OOO - Weather disruptions, transportation issues, or emergencies."
254,2024-12-05T07:59:29Z,140909.0,12/8/24,AM,CANCELLED,140944.0,,,48,1,,,,,"WFH - Planned time off to recharge, travel, or enjoy a break."
255,2025-03-24T12:28:00Z,150343.0,19/8/24,FULL,PENDING_WITHDRAWAL,151408.0,,,68,1,,,,,"OOO - Planned time off to recharge, travel, or enjoy a break."
256,2025-11-11T12:48:16Z,190082.0,17/10/24,PM,CANCELLED,150008.0,,,15,1,,,,,"WFH - Attending a family wedding, birthday, or significant milestone celebration."
257,2025-07-31T10:30:51Z,151448.0,20/10/24,AM,REJECTED,151408.0,,,17,1,,,,,"OOO - Personal health issues, dental or specialist appointments, routine check-ups, or recovery after minor surgery."
258,2025-06-21T05:11:39Z,151524.0,13/7/24,AM,WITHDRAWN,151408.0,,,94,1,,,,,WFH - Moving to a new home or handling logistics related to a recent move.
259,2025-04-28T21:55:41Z,151502.0,21/9/24,FULL,WITHDRAWN,151408.0,,,100,1,,,,,"WFH - Personal health issues, dental or specialist appointments, routine check-ups, or recovery after minor surgery."
260,2025-08-01T14:06:44Z,190028.0,25/10/24,PM,WITHDRAWN,150008.0,,,67,1,,,,,"OOO - Planned time off to recharge, travel, or enjoy a break."
261,2025-07-06T01:51:46Z,140905.0,12/8/24,FULL,REJECTED,140944.0,,,41,1,,,,,"WFH - Personal health issues, dental or specialist appointments, routine check-ups, or recovery after minor surgery."
262,2025-08-15T21:11:27Z,151570.0,2/10/24,AM,CANCELLED,151408.0,,,82,1,,,,,WFH - Celebrating a religious holiday or participating in a faith-based event.
263,2025-08-06T16:20:23Z,150008.0,2/9/24,AM,REJECTED,130002.0,,,81,1,,,,,"WFH - Handling important personal matters such as legal appointments, bank work, or home repairs."
264,2025-08-15T23:45:00Z,210030.0,12/10/24,AM,PENDING_WITHDRAWAL,210001.0,,,53,1,,,,,"WFH - Attending a family wedding, birthday, or significant milestone celebration."
265,2025-01-20T16:56:24Z,140004.0,30/9/24,AM,PENDING_APPROVAL,140894.0,,,37,1,,,,,"WFH - Attending a family wedding, birthday, or significant milestone celebration."
266,2025-10-09T16:59:27Z,150208.0,16/8/24,AM,PENDING_WITHDRAWAL,151408.0,,,12,1,,,,,OOO - Celebrating a religious holiday or participating in a faith-based event.
267,2025-02-04T20:13:03Z,140900.0,12/10/24,FULL,PENDING_APPROVAL,140103.0,,,24,1,,,,,"WFH - Attending a family wedding, birthday, or significant milestone celebration."
268,2024-12-17T23:20:25Z,151539.0,15/10/24,PM,WITHDRAWN,151408.0,,,45,1,,,,,WFH - Taking a day for self-care or to manage stress and prevent burnout.
269,2025-06-19T02:55:54Z,160299.0,24/9/24,PM,PENDING_APPROVAL,160008.0,,,13,1,,,,,"OOO - Planned time off to recharge, travel, or enjoy a break."
270,2024-11-25T14:45:30Z,151526.0,12/8/24,FULL,WITHDRAWN,151408.0,,,35,1,,,,,"WFH - Taking leave to attend a course, certification, or exam preparation."
271,2025-10-03T23:00:42Z,151524.0,3/7/24,PM,PENDING_WITHDRAWAL,151408.0,,,31,1,,,,,OOO - Moving to a new home or handling logistics related to a recent move.
272,2025-10-21T16:06:28Z,151448.0,30/9/24,PM,PENDING_WITHDRAWAL,151408.0,,,32,1,,,,,"OOO - Taking care of a family member, elderly care, or childcare issues."
273,2025-11-18T08:07:45Z,151496.0,3/10/24,FULL,REJECTED,151408.0,,,8,1,,,,,WFH - Celebrating a religious holiday or participating in a faith-based event.
274,2025-07-29T02:44:49Z,171018.0,2/9/24,PM,REJECTED,170166.0,,,19,1,,,,,"OOO - Taking leave to attend a course, certification, or exam preparation."
275,2024-11-04T02:25:49Z,150008.0,18/10/24,AM,REJECTED,130002.0,,,8,1,,,,,WFH - Celebrating a religious holiday or participating in a faith-based event.
276,2025-08-19T16:07:29Z,140948.0,8/7/24,PM,PENDING_WITHDRAWAL,140879.0,,,38,1,,,,,"OOO - Weather disruptions, transportation issues, or emergencies."
277,2025-08-11T10:19:00Z,140102.0,27/8/24,PM,APPROVED,140894.0,,,86,1,,,,,"WFH - Taking leave to attend a course, certification, or exam preparation."
278,2025-10-07T12:49:59Z,151505.0,14/7/24,AM,PENDING_APPROVAL,151408.0,,,53,1,,,,,"WFH - Taking leave to attend a course, certification, or exam preparation."
279,2025-09-14T18:46:51Z,150935.0,31/7/24,PM,CANCELLED,151408.0,,,5,1,,,,,"OOO - Weather disruptions, transportation issues, or emergencies."
280,2025-01-16T02:57:44Z,170215.0,10/10/24,FULL,WITHDRAWN,171009.0,,,93,1,,,,,"OOO - Taking care of a family member, elderly care, or childcare issues."
281,2025-11-10T05:12:42Z,150193.0,2/8/24,AM,PENDING_WITHDRAWAL,151408.0,,,2,1,,,,,"WFH - Personal health issues, dental or specialist appointments, routine check-ups, or recovery after minor surgery."
282,2025-06-21T18:05:03Z,160145.0,18/10/24,FULL,PENDING_WITHDRAWAL,160008.0,,,33,1,,,,,"WFH - Taking care of a family member, elderly care, or childcare issues."
283,2025-05-19T05:35:52Z,151459.0,29/8/24,PM,PENDING_WITHDRAWAL,151408.0,,,92,1,,,,,"WFH - Planned time off to recharge, travel, or enjoy a break."
284,2024-11-25T07:37:18Z,160258.0,14/10/24,AM,REJECTED,160008.0,,,61,1,,,,,OOO - Moving to a new home or handling logistics related to a recent move.
285,2025-07-09T17:56:49Z,160304.0,23/8/24,AM,REJECTED,160008.0,,,48,1,,,,,WFH - Taking a day for self-care or to manage stress and prevent burnout.
286,2025-01-07T00:06:27Z,190097.0,27/9/24,FULL,PENDING_APPROVAL,150008.0,,,3,1,,,,,WFH - Celebrating a religious holiday or participating in a faith-based event.
287,2025-09-07T09:28:26Z,151456.0,22/7/24,FULL,REJECTED,151408.0,,,49,1,,,,,"WFH - Weather disruptions, transportation issues, or emergencies."
288,2025-11-28T21:29:49Z,151560.0,23/7/24,FULL,PENDING_WITHDRAWAL,151408.0,,,97,1,,,,,OOO - Taking a day for self-care or to manage stress and prevent burnout.
289,2025-01-01T05:08:24Z,150275.0,16/9/24,AM,PENDING_WITHDRAWAL,151408.0,,,93,1,,,,,"WFH - Taking leave to attend a course, certification, or exam preparation."
290,2024-11-06T15:39:31Z,160332.0,20/7/24,PM,REJECTED,160008.0,,,20,1,,,,,"WFH - Personal health issues, dental or specialist appointments, routine check-ups, or recovery after minor surgery."
291,2025-08-17T23:29:25Z,151055.0,20/8/24,AM,PENDING_WITHDRAWAL,151408.0,,,12,1,,,,,"WFH - Weather disruptions, transportation issues, or emergencies."
292,2025-09-10T16:23:33Z,151520.0,26/7/24,PM,APPROVED,151408.0,,,24,1,,,,,"WFH - Handling important personal matters such as legal appointments, bank work, or home repairs."
293,2025-08-29T08:42:57Z,210041.0,13/8/24,FULL,PENDING_APPROVAL,210001.0,,,39,1,,,,,WFH - Moving to a new home or handling logistics related to a recent move.
294,2025-09-16T02:45:26Z,190067.0,27/8/24,AM,CANCELLED,150008.0,,,23,1,,,,,WFH - Celebrating a religious holiday or participating in a faith-based event.
295,2025-08-22T05:27:14Z,190096.0,6/7/24,PM,REJECTED,150008.0,,,20,1,,,,,"WFH - Taking leave to attend a course, certification, or exam preparation."
296,2025-08-30T17:28:45Z,150765.0,28/7/24,FULL,CANCELLED,151408.0,,,60,1,,,,,OOO - Moving to a new home or handling logistics related to a recent move.
297,2025-01-16T14:29:33Z,210032.0,24/8/24,AM,REJECTED,210001.0,,,18,1,,,,,WFH - Moving to a new home or handling logistics related to a recent move.
298,2025-09-23T18:41:13Z,190069.0,1/7/24,AM,WITHDRAWN,150008.0,,,39,1,,,,,"WFH - Taking care of a family member, elderly care, or childcare issues."
299,2025-11-24T00:48:36Z,150525.0,6/8/24,PM,CANCELLED,151408.0,,,12,1,,,,,"WFH - Planned time off to recharge, travel, or enjoy a break."
300,2025-05-22T18:12:46Z,171045.0,25/7/24,PM,WITHDRAWN,171029.0,,,56,1,,,,,"WFH - Attending a family wedding, birthday, or significant milestone celebration."
301,2025-01-15T02:35:37Z,151545.0,6/9/24,PM,APPROVED,151408.0,,,12,1,,,,,OOO - Celebrating a religious holiday or participating in a faith-based event.
302,2025-10-04T14:30:44Z,151506.0,22/7/24,FULL,WITHDRAWN,151408.0,,,94,1,,,,,"WFH - Weather disruptions, transportation issues, or emergencies."
303,2025-11-19T11:06:44Z,140935.0,18/10/24,PM,PENDING_APPROVAL,140879.0,,,3,1,,,,,WFH - Moving to a new home or handling logistics related to a recent move.
304,2024-11-07T22:49:46Z,190082.0,25/10/24,PM,APPROVED,150008.0,,,17,1,,,,,"WFH - Personal health issues, dental or specialist appointments, routine check-ups, or recovery after minor surgery."
305,2025-07-26T06:41:21Z,150976.0,3/8/24,FULL,WITHDRAWN,151408.0,,,100,1,,,,,"WFH - Handling important personal matters such as legal appointments, bank work, or home repairs."
306,2025-08-01T01:18:39Z,190075.0,26/8/24,PM,REJECTED,150008.0,,,52,1,,,,,"OOO - Handling important personal matters such as legal appointments, bank work, or home repairs."
307,2025-08-11T21:23:21Z,150208.0,2/7/24,FULL,WITHDRAWN,151408.0,,,53,1,,,,,"WFH - Attending a family wedding, birthday, or significant milestone celebration."
308,2025-01-10T13:12:25Z,140933.0,24/7/24,FULL,WITHDRAWN,140879.0,,,37,1,,,,,WFH - Moving to a new home or handling logistics related to a recent move.
309,2025-11-26T18:14:36Z,210017.0,20/7/24,PM,PENDING_WITHDRAWAL,210001.0,,,26,1,,,,,WFH - Taking a day for self-care or to manage stress and prevent burnout.
310,2025-02-27T13:15:08Z,151407.0,10/9/24,FULL,CANCELLED,151408.0,,,72,1,,,,,"WFH - Attending a family wedding, birthday, or significant milestone celebration."
311,2025-06-20T18:04:37Z,151605.0,22/10/24,PM,PENDING_WITHDRAWAL,151408.0,,,43,1,,,,,OOO - Taking a day for self-care or to manage stress and prevent burnout.
312,2025-10-02T16:27:52Z,151525.0,19/7/24,FULL,WITHDRAWN,151408.0,,,17,1,,,,,"WFH - Attending a family wedding, birthday, or significant milestone celebration."
313,2025-02-26T00:23:43Z,151492.0,17/9/24,AM,PENDING_APPROVAL,151408.0,,,94,1,,,,,"WFH - Attending a family wedding, birthday, or significant milestone celebration."
314,2024-12-24T17:43:04Z,151547.0,21/7/24,PM,WITHDRAWN,151408.0,,,5,1,,,,,"WFH - Attending a family wedding, birthday, or significant milestone celebration."
315,2025-04-06T09:57:38Z,180034.0,16/10/24,FULL,APPROVED,180001.0,,,98,1,,,,,"WFH - Attending a family wedding, birthday, or significant milestone celebration."
316,2025-03-25T15:26:50Z,171012.0,17/10/24,FULL,WITHDRAWN,171014.0,,,83,1,,,,,WFH - Moving to a new home or handling logistics related to a recent move.
317,2025-06-25T23:00:32Z,160315.0,11/7/24,PM,REJECTED,160008.0,,,41,1,,,,,"WFH - Attending a family wedding, birthday, or significant milestone celebration."
318,2025-11-12T01:31:43Z,150096.0,5/10/24,PM,PENDING_WITHDRAWAL,151408.0,,,84,1,,,,,"OOO - Taking care of a family member, elderly care, or childcare issues."
319,2025-07-07T00:54:34Z,180021.0,1/10/24,PM,APPROVED,180001.0,,,48,1,,,,,WFH - Moving to a new home or handling logistics related to a recent move.
320,2025-11-03T00:34:03Z,160288.0,13/8/24,AM,REJECTED,160008.0,,,44,1,,,,,"OOO - Taking leave to attend a course, certification, or exam preparation."
321,2025-11-16T06:58:25Z,151605.0,23/7/24,FULL,REJECTED,151408.0,,,3,1,,,,,WFH - Celebrating a religious holiday or participating in a faith-based event.
322,2024-12-21T13:25:12Z,150175.0,13/7/24,PM,PENDING_WITHDRAWAL,151408.0,,,34,1,,,,,"WFH - Taking care of a family member, elderly care, or childcare issues."
323,2025-02-10T23:30:19Z,150143.0,9/8/24,AM,PENDING_APPROVAL,151408.0,,,73,1,,,,,WFH - Taking a day for self-care or to manage stress and prevent burnout.
324,2025-02-04T14:52:07Z,140015.0,25/7/24,PM,PENDING_APPROVAL,140894.0,,,42,1,,,,,"WFH - Weather disruptions, transportation issues, or emergencies."
325,2025-01-11T19:35:51Z,171018.0,25/8/24,AM,APPROVED,170166.0,,,6,1,,,,,OOO - Taking a day for self-care or to manage stress and prevent burnout.
326,2024-12-19T19:26:59Z,160333.0,28/8/24,PM,PENDING_WITHDRAWAL,160008.0,,,11,1,,,,,"WFH - Planned time off to recharge, travel, or enjoy a break."
327,2025-10-21T08:37:44Z,151118.0,15/7/24,AM,REJECTED,151408.0,,,53,1,,,,,"WFH - Taking leave to attend a course, certification, or exam preparation."
328,2025-03-19T10:48:32Z,150845.0,15/10/24,AM,REJECTED,151408.0,,,62,1,,,,,"OOO - Handling important personal matters such as legal appointments, bank work, or home repairs."
329,2025-03-17T09:52:58Z,171029.0,14/9/24,FULL,WITHDRAWN,170166.0,,,95,1,,,,,"WFH - Attending a family wedding, birthday, or significant milestone celebration."
330,2025-08-25T08:19:04Z,151582.0,4/7/24,PM,CANCELLED,151408.0,,,49,1,,,,,"WFH - Planned time off to recharge, travel, or enjoy a break."
331,2025-08-14T18:16:37Z,151444.0,28/10/24,FULL,PENDING_APPROVAL,151408.0,,,32,1,,,,,"OOO - Taking leave to attend a course, certification, or exam preparation."
332,2024-12-06T02:23:45Z,180014.0,19/8/24,PM,APPROVED,180001.0,,,8,1,,,,,"WFH - Taking leave to attend a course, certification, or exam preparation."
333,2024-12-07T00:51:44Z,150866.0,5/10/24,AM,CANCELLED,151408.0,,,7,1,,,,,"WFH - Taking leave to attend a course, certification, or exam preparation."
334,2025-07-14T18:04:43Z,140036.0,15/7/24,FULL,PENDING_APPROVAL,140894.0,,,3,1,,,,,"WFH - Taking care of a family member, elderly care, or childcare issues."
335,2025-06-16T18:44:25Z,210038.0,8/10/24,FULL,PENDING_APPROVAL,210001.0,,,67,1,,,,,"WFH - Taking care of a family member, elderly care, or childcare issues."
336,2025-01-17T17:42:10Z,151438.0,31/10/24,AM,PENDING_APPROVAL,151408.0,,,16,1,,,,,"WFH - Handling important personal matters such as legal appointments, bank work, or home repairs."
337,2025-02-22T03:05:47Z,140919.0,31/7/24,AM,REJECTED,140944.0,,,51,1,,,,,"WFH - Attending a family wedding, birthday, or significant milestone celebration."
338,2025-09-26T17:47:56Z,190092.0,12/9/24,FULL,WITHDRAWN,150008.0,,,32,1,,,,,WFH - Celebrating a religious holiday or participating in a faith-based event.
339,2025-01-22T03:59:16Z,190051.0,22/10/24,AM,CANCELLED,150008.0,,,77,1,,,,,WFH - Taking a day for self-care or to manage stress and prevent burnout.
340,2025-04-26T06:04:45Z,151470.0,13/9/24,PM,PENDING_APPROVAL,151408.0,,,47,1,,,,,"WFH - Handling important personal matters such as legal appointments, bank work, or home repairs."
341,2024-12-16T06:40:23Z,151436.0,22/8/24,PM,REJECTED,151408.0,,,80,1,,,,,WFH - Moving to a new home or handling logistics related to a recent move.
342,2025-03-01T19:18:35Z,171044.0,23/9/24,AM,CANCELLED,171029.0,,,50,1,,,,,"OOO - Handling important personal matters such as legal appointments, bank work, or home repairs."
343,2025-05-15T23:57:38Z,190092.0,19/8/24,PM,REJECTED,150008.0,,,95,1,,,,,"WFH - Taking leave to attend a course, certification, or exam preparation."
344,2025-06-18T07:48:15Z,160326.0,10/8/24,PM,CANCELLED,160008.0,,,90,1,,,,,"WFH - Handling important personal matters such as legal appointments, bank work, or home repairs."
345,2025-09-12T03:09:59Z,160135.0,25/10/24,FULL,PENDING_WITHDRAWAL,160008.0,,,14,1,,,,,"WFH - Personal health issues, dental or specialist appointments, routine check-ups, or recovery after minor surgery."
346,2025-08-26T03:44:15Z,151480.0,9/8/24,AM,APPROVED,151408.0,,,29,1,,,,,"WFH - Taking care of a family member, elderly care, or childcare issues."
347,2025-04-20T09:31:34Z,151055.0,9/9/24,AM,WITHDRAWN,151408.0,,,23,1,,,,,"WFH - Taking leave to attend a course, certification, or exam preparation."
348,2025-08-16T10:14:26Z,151540.0,5/8/24,FULL,APPROVED,151408.0,,,37,1,,,,,"WFH - Personal health issues, dental or specialist appointments, routine check-ups, or recovery after minor surgery."
349,2025-05-09T05:55:06Z,160333.0,12/10/24,FULL,REJECTED,160008.0,,,49,1,,,,,"OOO - Personal health issues, dental or specialist appointments, routine check-ups, or recovery after minor surgery."
350,2025-04-23T22:45:43Z,210041.0,28/8/24,AM,CANCELLED,210001.0,,,96,1,,,,,"WFH - Planned time off to recharge, travel, or enjoy a break."
351,2025-11-11T10:53:44Z,140893.0,13/8/24,FULL,WITHDRAWN,140103.0,,,25,1,,,,,WFH - Moving to a new home or handling logistics related to a recent move.
352,2025-01-24T02:46:02Z,151544.0,21/8/24,PM,REJECTED,151408.0,,,27,1,,,,,WFH - Taking a day for self-care or to manage stress and prevent burnout.
353,2024-11-17T06:25:19Z,160329.0,2/8/24,AM,WITHDRAWN,160008.0,,,34,1,,,,,"WFH - Weather disruptions, transportation issues, or emergencies."
354,2025-02-24T00:20:37Z,150633.0,25/9/24,FULL,REJECTED,151408.0,,,77,1,,,,,"WFH - Handling important personal matters such as legal appointments, bank work, or home repairs."
355,2025-05-17T22:19:37Z,151058.0,6/7/24,AM,APPROVED,151408.0,,,88,1,,,,,"WFH - Planned time off to recharge, travel, or enjoy a break."
356,2024-11-29T16:43:38Z,140078.0,9/7/24,PM,WITHDRAWN,140894.0,,,22,1,,,,,"OOO - Weather disruptions, transportation issues, or emergencies."
357,2025-11-14T05:26:23Z,140025.0,10/8/24,AM,WITHDRAWN,140894.0,,,72,1,,,,,WFH - Celebrating a religious holiday or participating in a faith-based event.
358,2025-10-20T01:13:35Z,140015.0,11/9/24,AM,CANCELLED,140894.0,,,29,1,,,,,"WFH - Taking care of a family member, elderly care, or childcare issues."
359,2025-08-27T00:26:24Z,160289.0,26/9/24,FULL,APPROVED,160008.0,,,84,1,,,,,"OOO - Personal health issues, dental or specialist appointments, routine check-ups, or recovery after minor surgery."
360,2025-03-02T12:40:14Z,151447.0,5/9/24,FULL,REJECTED,151408.0,,,91,1,,,,,"WFH - Planned time off to recharge, travel, or enjoy a break."
361,2024-11-26T09:17:07Z,180004.0,28/10/24,AM,REJECTED,180001.0,,,11,1,,,,,"WFH - Taking leave to attend a course, certification, or exam preparation."
362,2025-08-29T06:16:24Z,151611.0,19/9/24,AM,PENDING_WITHDRAWAL,151408.0,,,52,1,,,,,"WFH - Planned time off to recharge, travel, or enjoy a break."
363,2024-11-01T22:57:12Z,190009.0,10/9/24,AM,REJECTED,150008.0,,,25,1,,,,,WFH - Moving to a new home or handling logistics related to a recent move.
364,2025-09-23T11:49:06Z,160135.0,16/8/24,PM,APPROVED,160008.0,,,19,1,,,,,"WFH - Planned time off to recharge, travel, or enjoy a break."
365,2025-03-03T16:59:43Z,180025.0,18/9/24,PM,CANCELLED,180001.0,,,76,1,,,,,WFH - Moving to a new home or handling logistics related to a recent move.
366,2025-03-20T11:34:05Z,150166.0,10/10/24,FULL,WITHDRAWN,151408.0,,,77,1,,,,,"WFH - Planned time off to recharge, travel, or enjoy a break."
367,2025-04-18T16:27:57Z,170866.0,7/9/24,AM,APPROVED,171009.0,,,18,1,,,,,"OOO - Taking care of a family member, elderly care, or childcare issues."
368,2024-12-04T18:21:03Z,190019.0,22/7/24,FULL,WITHDRAWN,150008.0,,,48,1,,,,,WFH - Taking a day for self-care or to manage stress and prevent burnout.
369,2025-08-25T01:13:39Z,160290.0,3/9/24,AM,CANCELLED,160008.0,,,70,1,,,,,"WFH - Planned time off to recharge, travel, or enjoy a break."
370,2025-04-07T20:42:48Z,171031.0,1/9/24,AM,CANCELLED,171043.0,,,9,1,,,,,"OOO - Weather disruptions, transportation issues, or emergencies."
371,2025-01-09T21:35:52Z,150342.0,31/7/24,FULL,WITHDRAWN,151408.0,,,54,1,,,,,"OOO - Planned time off to recharge, travel, or enjoy a break."
372,2025-08-09T04:28:33Z,160328.0,17/8/24,FULL,WITHDRAWN,160008.0,,,60,1,,,,,"WFH - Weather disruptions, transportation issues, or emergencies."
373,2025-08-12T13:53:13Z,171014.0,29/8/24,FULL,APPROVED,170166.0,,,33,1,,,,,"OOO - Weather disruptions, transportation issues, or emergencies."
374,2025-04-29T02:09:09Z,140525.0,9/7/24,PM,PENDING_APPROVAL,140894.0,,,62,1,,,,,"WFH - Taking leave to attend a course, certification, or exam preparation."
375,2025-02-15T00:30:12Z,180015.0,29/9/24,AM,REJECTED,180001.0,,,91,1,,,,,"WFH - Planned time off to recharge, travel, or enjoy a break."
376,2025-04-27T20:03:39Z,190044.0,4/7/24,AM,APPROVED,150008.0,,,72,1,,,,,"WFH - Handling important personal matters such as legal appointments, bank work, or home repairs."
377,2025-05-16T02:59:16Z,190051.0,24/9/24,FULL,PENDING_APPROVAL,150008.0,,,35,1,,,,,WFH - Taking a day for self-care or to manage stress and prevent burnout.
378,2025-08-12T17:40:55Z,171022.0,16/10/24,AM,WITHDRAWN,171029.0,,,35,1,,,,,WFH - Moving to a new home or handling logistics related to a recent move.
379,2025-11-10T04:21:25Z,210021.0,12/10/24,AM,PENDING_WITHDRAWAL,210001.0,,,59,1,,,,,OOO - Moving to a new home or handling logistics related to a recent move.
380,2025-04-01T21:35:56Z,190009.0,13/8/24,PM,REJECTED,150008.0,,,80,1,,,,,"WFH - Taking care of a family member, elderly care, or childcare issues."
381,2025-05-27T22:53:20Z,160328.0,25/9/24,FULL,REJECTED,160008.0,,,89,1,,,,,"OOO - Handling important personal matters such as legal appointments, bank work, or home repairs."
382,2025-09-13T02:40:26Z,160135.0,29/10/24,AM,WITHDRAWN,160008.0,,,46,1,,,,,"WFH - Attending a family wedding, birthday, or significant milestone celebration."
383,2025-10-07T11:53:59Z,151607.0,22/10/24,AM,CANCELLED,151408.0,,,27,1,,,,,OOO - Moving to a new home or handling logistics related to a recent move.
384,2025-08-25T00:19:35Z,210031.0,26/8/24,PM,CANCELLED,210001.0,,,60,1,,,,,WFH - Moving to a new home or handling logistics related to a recent move.
385,2024-11-03T10:59:16Z,150276.0,5/8/24,FULL,WITHDRAWN,151408.0,,,49,1,,,,,"WFH - Taking care of a family member, elderly care, or childcare issues."
386,2025-04-29T11:22:06Z,160008.0,14/10/24,FULL,REJECTED,130002.0,,,80,1,,,,,OOO - Moving to a new home or handling logistics related to a recent move.
387,2025-08-28T14:49:16Z,151573.0,28/9/24,PM,APPROVED,151408.0,,,16,1,,,,,"OOO - Taking leave to attend a course, certification, or exam preparation."
388,2024-11-12T18:53:04Z,151415.0,4/7/24,FULL,REJECTED,151408.0,,,64,1,,,,,"WFH - Personal health issues, dental or specialist appointments, routine check-ups, or recovery after minor surgery."
389,2025-11-18T10:42:09Z,151493.0,22/10/24,PM,PENDING_APPROVAL,151408.0,,,45,1,,,,,WFH - Moving to a new home or handling logistics related to a recent move.
390,2025-09-01T14:24:34Z,150282.0,20/9/24,AM,PENDING_WITHDRAWAL,151408.0,,,82,1,,,,,"WFH - Taking leave to attend a course, certification, or exam preparation."
391,2025-08-20T22:42:12Z,150968.0,23/10/24,FULL,PENDING_APPROVAL,151408.0,,,50,1,,,,,"WFH - Taking leave to attend a course, certification, or exam preparation."
392,2025-03-07T02:20:34Z,151416.0,5/7/24,FULL,APPROVED,151408.0,,,47,1,,,,,"WFH - Handling important personal matters such as legal appointments, bank work, or home repairs."
393,2025-11-12T18:25:54Z,151466.0,5/7/24,FULL,APPROVED,151408.0,,,61,1,,,,,"WFH - Personal health issues, dental or specialist appointments, routine check-ups, or recovery after minor surgery."
394,2025-04-15T01:22:33Z,190097.0,8/7/24,AM,CANCELLED,150008.0,,,2,1,,,,,"OOO - Taking care of a family member, elderly care, or childcare issues."
395,2024-12-05T10:07:12Z,151593.0,5/7/24,AM,PENDING_APPROVAL,151408.0,,,11,1,,,,,"WFH - Attending a family wedding, birthday, or significant milestone celebration."
396,2025-09-02T17:30:23Z,151582.0,23/8/24,AM,PENDING_APPROVAL,151408.0,,,91,1,,,,,"OOO - Taking leave to attend a course, certification, or exam preparation."
397,2025-04-25T17:16:23Z,190057.0,18/7/24,FULL,REJECTED,150008.0,,,65,1,,,,,"WFH - Weather disruptions, transportation issues, or emergencies."
398,2025-01-18T22:43:36Z,160287.0,20/7/24,AM,APPROVED,160008.0,,,73,1,,,,,OOO - Celebrating a religious holiday or participating in a faith-based event.
399,2025-09-06T23:52:11Z,151056.0,7/9/24,PM,APPROVED,151408.0,,,40,1,,,,,"WFH - Taking leave to attend a course, certification, or exam preparation."
400,2025-06-11T01:19:01Z,151558.0,14/9/24,FULL,WITHDRAWN,151408.0,,,29,1,,,,,"WFH - Taking leave to attend a course, certification, or exam preparation."
401,2025-01-16T20:08:45Z,151612.0,27/8/24,FULL,CANCELLED,151408.0,,,50,1,,,,,"WFH - Weather disruptions, transportation issues, or emergencies."
402,2025-08-22T01:34:33Z,140002.0,6/8/24,PM,REJECTED,140894.0,,,10,1,,,,,"WFH - Attending a family wedding, birthday, or significant milestone celebration."
403,2025-03-16T19:07:14Z,190068.0,4/10/24,PM,APPROVED,150008.0,,,68,1,,,,,"WFH - Weather disruptions, transportation issues, or emergencies."
404,2025-08-22T23:25:29Z,160334.0,20/10/24,AM,PENDING_WITHDRAWAL,160008.0,,,12,1,,,,,"WFH - Planned time off to recharge, travel, or enjoy a break."
405,2025-07-30T09:31:41Z,160296.0,9/10/24,PM,REJECTED,160008.0,,,10,1,,,,,"OOO - Handling important personal matters such as legal appointments, bank work, or home repairs."
406,2025-08-01T04:15:31Z,210043.0,17/10/24,PM,CANCELLED,210001.0,,,8,1,,,,,"WFH - Attending a family wedding, birthday, or significant milestone celebration."
407,2025-06-09T14:09:36Z,210044.0,30/7/24,FULL,CANCELLED,210001.0,,,48,1,,,,,OOO - Celebrating a religious holiday or participating in a faith-based event.
408,2024-12-06T03:31:11Z,190024.0,27/7/24,PM,APPROVED,150008.0,,,9,1,,,,,"WFH - Personal health issues, dental or specialist appointments, routine check-ups, or recovery after minor surgery."
409,2025-09-07T11:44:36Z,151574.0,30/7/24,AM,CANCELLED,151408.0,,,69,1,,,,,"OOO - Weather disruptions, transportation issues, or emergencies."
410,2025-01-20T20:10:59Z,210020.0,6/8/24,PM,REJECTED,210001.0,,,98,1,,,,,WFH - Taking a day for self-care or to manage stress and prevent burnout.
411,2025-05-04T11:08:03Z,151598.0,16/9/24,AM,APPROVED,151408.0,,,8,1,,,,,WFH - Taking a day for self-care or to manage stress and prevent burnout.
412,2025-11-06T22:27:08Z,151576.0,10/10/24,PM,PENDING_WITHDRAWAL,151408.0,,,88,1,,,,,WFH - Celebrating a religious holiday or participating in a faith-based event.
413,2025-03-31T17:43:36Z,180015.0,20/10/24,AM,CANCELLED,180001.0,,,71,1,,,,,"OOO - Taking care of a family member, elderly care, or childcare issues."
414,2025-07-20T20:00:11Z,151438.0,22/8/24,FULL,PENDING_WITHDRAWAL,151408.0,,,57,1,,,,,OOO - Celebrating a religious holiday or participating in a faith-based event.
415,2024-12-31T08:48:17Z,210028.0,12/8/24,PM,PENDING_APPROVAL,210001.0,,,37,1,,,,,WFH - Moving to a new home or handling logistics related to a recent move.
416,2025-08-04T19:03:48Z,150288.0,22/8/24,FULL,APPROVED,151408.0,,,73,1,,,,,"WFH - Taking leave to attend a course, certification, or exam preparation."
417,2025-09-07T17:21:47Z,171009.0,2/10/24,AM,WITHDRAWN,170166.0,,,68,1,,,,,"WFH - Handling important personal matters such as legal appointments, bank work, or home repairs."
418,2025-07-16T16:27:32Z,151512.0,6/9/24,AM,PENDING_WITHDRAWAL,151408.0,,,60,1,,,,,"WFH - Handling important personal matters such as legal appointments, bank work, or home repairs."
419,2025-10-22T07:37:31Z,150638.0,4/7/24,FULL,PENDING_APPROVAL,151408.0,,,75,1,,,,,"WFH - Taking leave to attend a course, certification, or exam preparation."
420,2025-02-04T04:55:52Z,150233.0,27/8/24,FULL,WITHDRAWN,151408.0,,,61,1,,,,,OOO - Taking a day for self-care or to manage stress and prevent burnout.
421,2025-11-28T16:26:57Z,171045.0,9/9/24,AM,PENDING_WITHDRAWAL,171029.0,,,92,1,,,,,"WFH - Handling important personal matters such as legal appointments, bank work, or home repairs."
422,2025-02-13T14:29:05Z,180037.0,20/8/24,PM,PENDING_APPROVAL,180001.0,,,73,1,,,,,WFH - Celebrating a religious holiday or participating in a faith-based event.
423,2025-11-23T00:59:47Z,190041.0,13/7/24,FULL,WITHDRAWN,150008.0,,,13,1,,,,,WFH - Taking a day for self-care or to manage stress and prevent burnout.
424,2025-06-08T18:21:39Z,190009.0,22/10/24,FULL,PENDING_APPROVAL,150008.0,,,92,1,,,,,"WFH - Attending a family wedding, birthday, or significant milestone celebration."
425,2025-09-04T02:47:06Z,151419.0,22/9/24,PM,REJECTED,151408.0,,,86,1,,,,,"WFH - Taking care of a family member, elderly care, or childcare issues."
426,2024-11-28T04:06:37Z,151417.0,12/7/24,PM,PENDING_WITHDRAWAL,151408.0,,,62,1,,,,,"WFH - Personal health issues, dental or specialist appointments, routine check-ups, or recovery after minor surgery."
427,2025-01-04T18:09:04Z,160135.0,19/10/24,AM,WITHDRAWN,160008.0,,,85,1,,,,,"WFH - Weather disruptions, transportation issues, or emergencies."
428,2025-02-20T13:20:04Z,151493.0,30/8/24,FULL,CANCELLED,151408.0,,,32,1,,,,,OOO - Moving to a new home or handling logistics related to a recent move.
429,2025-07-29T04:59:58Z,171012.0,23/8/24,FULL,APPROVED,171014.0,,,47,1,,,,,"OOO - Personal health issues, dental or specialist appointments, routine check-ups, or recovery after minor surgery."
430,2025-09-14T06:38:47Z,151484.0,1/8/24,PM,REJECTED,151408.0,,,11,1,,,,,WFH - Celebrating a religious holiday or participating in a faith-based event.
431,2025-04-10T17:15:42Z,160331.0,10/7/24,AM,WITHDRAWN,160008.0,,,8,1,,,,,"WFH - Taking leave to attend a course, certification, or exam preparation."
432,2025-07-17T17:46:23Z,151483.0,6/9/24,PM,APPROVED,151408.0,,,100,1,,,,,"WFH - Personal health issues, dental or specialist appointments, routine check-ups, or recovery after minor surgery."
433,2025-08-24T01:55:41Z,160328.0,23/9/24,PM,CANCELLED,160008.0,,,84,1,,,,,"WFH - Taking care of a family member, elderly care, or childcare issues."
434,2025-05-26T01:19:46Z,210044.0,19/10/24,AM,WITHDRAWN,210001.0,,,35,1,,,,,OOO - Moving to a new home or handling logistics related to a recent move.
435,2025-09-15T12:46:54Z,171048.0,8/8/24,PM,REJECTED,171029.0,,,56,1,,,,,"WFH - Handling important personal matters such as legal appointments, bank work, or home repairs."
436,2025-10-07T05:56:20Z,140892.0,29/10/24,FULL,CANCELLED,140008.0,,,25,1,,,,,"OOO - Handling important personal matters such as legal appointments, bank work, or home repairs."
437,2025-11-05T14:07:51Z,190064.0,19/7/24,AM,PENDING_WITHDRAWAL,150008.0,,,61,1,,,,,"OOO - Taking care of a family member, elderly care, or childcare issues."
438,2025-01-19T18:17:48Z,150168.0,24/10/24,PM,CANCELLED,151408.0,,,98,1,,,,,OOO - Moving to a new home or handling logistics related to a recent move.
439,2025-10-03T20:34:10Z,150075.0,27/8/24,PM,APPROVED,151408.0,,,78,1,,,,,WFH - Taking a day for self-care or to manage stress and prevent burnout.
440,2025-06-15T21:23:59Z,150608.0,30/10/24,AM,APPROVED,151408.0,,,6,1,,,,,"OOO - Attending a family wedding, birthday, or significant milestone celebration."
441,2025-01-27T02:27:13Z,170166.0,17/8/24,AM,REJECTED,130002.0,,,20,1,,,,,WFH - Celebrating a religious holiday or participating in a faith-based event.
442,2025-03-23T00:12:06Z,150065.0,2/10/24,FULL,PENDING_APPROVAL,151408.0,,,35,1,,,,,"WFH - Planned time off to recharge, travel, or enjoy a break."
443,2024-12-20T09:28:55Z,151483.0,22/8/24,FULL,APPROVED,151408.0,,,80,1,,,,,"OOO - Taking care of a family member, elderly care, or childcare issues."
444,2025-04-19T03:29:34Z,150615.0,9/8/24,PM,PENDING_WITHDRAWAL,151408.0,,,57,1,,,,,WFH - Celebrating a religious holiday or participating in a faith-based event.
445,2025-02-01T19:01:54Z,160333.0,4/7/24,PM,PENDING_WITHDRAWAL,160008.0,,,72,1,,,,,"WFH - Taking leave to attend a course, certification, or exam preparation."
446,2025-11-24T22:11:59Z,180006.0,26/8/24,FULL,PENDING_WITHDRAWAL,180001.0,,,52,1,,,,,"OOO - Taking care of a family member, elderly care, or childcare issues."
447,2025-10-22T00:40:37Z,190017.0,25/9/24,PM,PENDING_APPROVAL,150008.0,,,35,1,,,,,"WFH - Taking leave to attend a course, certification, or exam preparation."
448,2025-11-06T14:31:31Z,151470.0,20/10/24,FULL,REJECTED,151408.0,,,31,1,,,,,"WFH - Taking care of a family member, elderly care, or childcare issues."
449,2025-01-10T11:20:03Z,151581.0,3/7/24,FULL,APPROVED,151408.0,,,1,1,,,,,"WFH - Weather disruptions, transportation issues, or emergencies."
450,2025-05-13T07:58:45Z,190024.0,18/7/24,PM,REJECTED,150008.0,,,67,1,,,,,"WFH - Personal health issues, dental or specialist appointments, routine check-ups, or recovery after minor surgery."
451,2025-09-10T04:23:12Z,151580.0,5/10/24,PM,PENDING_APPROVAL,151408.0,,,61,1,,,,,"OOO - Taking leave to attend a course, certification, or exam preparation."
452,2025-04-22T14:10:53Z,171045.0,24/7/24,FULL,CANCELLED,171029.0,,,29,1,,,,,"WFH - Taking care of a family member, elderly care, or childcare issues."
453,2025-10-31T10:41:52Z,170232.0,14/8/24,FULL,CANCELLED,171009.0,,,9,1,,,,,"WFH - Personal health issues, dental or specialist appointments, routine check-ups, or recovery after minor surgery."
454,2025-08-22T04:05:33Z,171041.0,12/10/24,PM,WITHDRAWN,171043.0,,,86,1,,,,,"WFH - Taking care of a family member, elderly care, or childcare issues."
455,2024-12-12T18:17:33Z,150866.0,25/8/24,FULL,CANCELLED,151408.0,,,49,1,,,,,WFH - Moving to a new home or handling logistics related to a recent move.
456,2025-01-27T16:53:33Z,190035.0,18/7/24,PM,CANCELLED,150008.0,,,37,1,,,,,"WFH - Weather disruptions, transportation issues, or emergencies."
457,2025-10-31T12:23:25Z,171024.0,13/8/24,PM,PENDING_WITHDRAWAL,171029.0,,,27,1,,,,,"WFH - Taking leave to attend a course, certification, or exam preparation."
458,2025-09-23T13:34:57Z,160314.0,20/8/24,FULL,CANCELLED,160008.0,,,69,1,,,,,"WFH - Planned time off to recharge, travel, or enjoy a break."
459,2025-10-06T00:18:08Z,190082.0,7/9/24,FULL,REJECTED,150008.0,,,43,1,,,,,"WFH - Planned time off to recharge, travel, or enjoy a break."
460,2024-12-02T01:05:30Z,151431.0,21/7/24,PM,APPROVED,151408.0,,,42,1,,,,,"OOO - Attending a family wedding, birthday, or significant milestone celebration."
461,2025-02-12T05:18:14Z,150695.0,18/7/24,PM,PENDING_WITHDRAWAL,151408.0,,,10,1,,,,,"WFH - Taking care of a family member, elderly care, or childcare issues."
462,2024-11-13T00:10:47Z,190068.0,3/7/24,FULL,REJECTED,150008.0,,,13,1,,,,,"WFH - Personal health issues, dental or specialist appointments, routine check-ups, or recovery after minor surgery."
463,2025-10-22T05:06:53Z,151416.0,12/7/24,AM,REJECTED,151408.0,,,25,1,,,,,WFH - Taking a day for self-care or to manage stress and prevent burnout.
464,2025-08-22T11:45:03Z,151576.0,13/10/24,AM,APPROVED,151408.0,,,50,1,,,,,WFH - Moving to a new home or handling logistics related to a recent move.
465,2025-08-09T11:17:33Z,210019.0,12/10/24,PM,REJECTED,210001.0,,,84,1,,,,,"WFH - Taking leave to attend a course, certification, or exam preparation."
466,2025-08-01T17:16:01Z,150512.0,30/10/24,FULL,WITHDRAWN,151408.0,,,10,1,,,,,WFH - Moving to a new home or handling logistics related to a recent move.
467,2025-11-28T16:45:59Z,170245.0,14/7/24,AM,PENDING_APPROVAL,171009.0,,,76,1,,,,,"WFH - Weather disruptions, transportation issues, or emergencies."
468,2025-05-17T01:19:32Z,151539.0,2/9/24,PM,APPROVED,151408.0,,,29,1,,,,,"WFH - Handling important personal matters such as legal appointments, bank work, or home repairs."
469,2025-03-24T14:52:13Z,150968.0,16/10/24,AM,CANCELLED,151408.0,,,30,1,,,,,WFH - Celebrating a religious holiday or participating in a faith-based event.
470,2024-11-01T17:27:00Z,140004.0,22/9/24,FULL,PENDING_APPROVAL,140894.0,,,35,1,,,,,"WFH - Taking care of a family member, elderly care, or childcare issues."
471,2024-11-13T16:16:25Z,140736.0,15/7/24,FULL,CANCELLED,140894.0,,,17,1,,,,,WFH - Taking a day for self-care or to manage stress and prevent burnout.
472,2024-11-09T18:11:33Z,190037.0,24/7/24,FULL,REJECTED,150008.0,,,45,1,,,,,"OOO - Taking care of a family member, elderly care, or childcare issues."
473,2024-12-12T18:02:52Z,150355.0,9/10/24,FULL,CANCELLED,151408.0,,,7,1,,,,,"WFH - Planned time off to recharge, travel, or enjoy a break."
474,2025-04-10T22:11:20Z,140036.0,25/8/24,AM,PENDING_WITHDRAWAL,140894.0,,,40,1,,,,,"WFH - Attending a family wedding, birthday, or significant milestone celebration."
475,2025-01-27T07:59:47Z,151440.0,26/9/24,PM,WITHDRAWN,151408.0,,,32,1,,,,,"WFH - Weather disruptions, transportation issues, or emergencies."
476,2025-03-28T11:20:34Z,151411.0,3/8/24,FULL,CANCELLED,151408.0,,,15,1,,,,,"WFH - Taking leave to attend a course, certification, or exam preparation."
477,2025-06-28T00:00:22Z,151547.0,30/7/24,AM,APPROVED,151408.0,,,39,1,,,,,"WFH - Handling important personal matters such as legal appointments, bank work, or home repairs."
478,2025-03-23T16:13:37Z,160287.0,20/8/24,FULL,WITHDRAWN,160008.0,,,37,1,,,,,OOO - Taking a day for self-care or to manage stress and prevent burnout.
479,2025-04-10T08:18:12Z,151412.0,15/7/24,FULL,REJECTED,151408.0,,,92,1,,,,,"WFH - Attending a family wedding, birthday, or significant milestone celebration."
480,2025-11-12T19:43:12Z,190077.0,10/10/24,AM,CANCELLED,150008.0,,,91,1,,,,,"OOO - Weather disruptions, transportation issues, or emergencies."
481,2024-12-09T22:18:03Z,190022.0,27/10/24,FULL,PENDING_WITHDRAWAL,150008.0,,,19,1,,,,,"WFH - Personal health issues, dental or specialist appointments, routine check-ups, or recovery after minor surgery."
482,2024-11-04T21:28:43Z,171022.0,27/10/24,AM,PENDING_WITHDRAWAL,171029.0,,,39,1,,,,,WFH - Taking a day for self-care or to manage stress and prevent burnout.
483,2025-06-03T09:32:13Z,140940.0,21/9/24,FULL,CANCELLED,140879.0,,,79,1,,,,,"WFH - Planned time off to recharge, travel, or enjoy a break."
484,2025-01-06T17:18:23Z,190091.0,18/10/24,PM,REJECTED,150008.0,,,22,1,,,,,WFH - Moving to a new home or handling logistics related to a recent move.
485,2024-11-18T17:37:28Z,151415.0,24/10/24,AM,CANCELLED,151408.0,,,22,1,,,,,WFH - Moving to a new home or handling logistics related to a recent move.
486,2025-11-27T11:29:38Z,140891.0,30/9/24,FULL,WITHDRAWN,140008.0,,,9,1,,,,,"WFH - Attending a family wedding, birthday, or significant milestone celebration."
487,2025-10-24T04:07:49Z,170245.0,30/10/24,FULL,REJECTED,171009.0,,,80,1,,,,,"OOO - Personal health issues, dental or specialist appointments, routine check-ups, or recovery after minor surgery."
488,2025-01-30T17:08:55Z,190065.0,12/8/24,AM,WITHDRAWN,150008.0,,,86,1,,,,,WFH - Celebrating a religious holiday or participating in a faith-based event.
489,2025-08-09T13:37:57Z,150615.0,24/10/24,AM,CANCELLED,151408.0,,,5,1,,,,,"WFH - Taking care of a family member, elderly care, or childcare issues."
490,2025-08-14T11:00:48Z,150423.0,26/8/24,FULL,WITHDRAWN,151408.0,,,66,1,,,,,"WFH - Taking care of a family member, elderly care, or childcare issues."
491,2025-08-17T04:02:37Z,150166.0,17/7/24,FULL,PENDING_APPROVAL,151408.0,,,7,1,,,,,WFH - Taking a day for self-care or to manage stress and prevent burnout.
492,2025-07-08T19:57:09Z,151503.0,9/9/24,AM,PENDING_APPROVAL,151408.0,,,64,1,,,,,WFH - Celebrating a religious holiday or participating in a faith-based event.
493,2025-09-09T05:01:50Z,151541.0,16/7/24,FULL,WITHDRAWN,151408.0,,,98,1,,,,,"WFH - Taking care of a family member, elderly care, or childcare issues."
494,2025-09-22T03:46:56Z,160142.0,23/10/24,AM,CANCELLED,160008.0,,,60,1,,,,,"WFH - Taking care of a family member, elderly care, or childcare issues."
495,2025-09-21T18:32:37Z,160308.0,28/7/24,FULL,PENDING_WITHDRAWAL,160008.0,,,8,1,,,,,"WFH - Handling important personal matters such as legal appointments, bank work, or home repairs."
496,2025-11-27T04:26:39Z,151518.0,14/8/24,PM,APPROVED,151408.0,,,12,1,,,,,"WFH - Planned time off to recharge, travel, or enjoy a break."
497,2025-02-14T01:53:05Z,160325.0,6/10/24,FULL,WITHDRAWN,160008.0,,,26,1,,,,,"WFH - Taking leave to attend a course, certification, or exam preparation."
498,2025-04-18T13:25:50Z,180020.0,28/7/24,FULL,PENDING_WITHDRAWAL,180001.0,,,32,1,,,,,"WFH - Taking leave to attend a course, certification, or exam preparation."
499,2025-08-27T14:35:05Z,190076.0,22/7/24,AM,REJECTED,150008.0,,,78,1,,,,,"OOO - Attending a family wedding, birthday, or significant milestone celebration."
500,2025-05-28T18:54:50Z,190026.0,22/9/24,FULL,APPROVED,150008.0,,,82,1,,,,,"WFH - Taking leave to attend a course, certification, or exam preparation."
501,2024-12-09T15:38:05Z,151418.0,8/10/24,FULL,REJECTED,151408.0,,,20,1,,,,,WFH - Moving to a new home or handling logistics related to a recent move.
502,2025-05-19T01:31:00Z,180029.0,29/9/24,FULL,WITHDRAWN,180001.0,,,76,1,,,,,OOO - Taking a day for self-care or to manage stress and prevent burnout.
503,2025-03-04T08:14:57Z,151506.0,20/10/24,PM,CANCELLED,151408.0,,,30,1,,,,,"WFH - Planned time off to recharge, travel, or enjoy a break."
504,2025-06-23T15:00:38Z,151467.0,29/9/24,FULL,REJECTED,151408.0,,,67,1,,,,,WFH - Moving to a new home or handling logistics related to a recent move.
505,2025-09-02T12:02:02Z,210024.0,23/7/24,AM,PENDING_WITHDRAWAL,210001.0,,,90,1,,,,,"WFH - Attending a family wedding, birthday, or significant milestone celebration."
506,2025-07-06T07:03:53Z,140888.0,29/9/24,PM,APPROVED,140008.0,,,27,1,,,,,WFH - Taking a day for self-care or to manage stress and prevent burnout.
507,2025-06-16T18:23:35Z,140912.0,4/8/24,AM,PENDING_APPROVAL,140944.0,,,72,1,,,,,OOO - Taking a day for self-care or to manage stress and prevent burnout.
508,2025-01-01T11:59:57Z,160302.0,4/9/24,FULL,CANCELLED,160008.0,,,58,1,,,,,"OOO - Personal health issues, dental or specialist appointments, routine check-ups, or recovery after minor surgery."
509,2025-08-07T01:00:41Z,140890.0,26/8/24,PM,PENDING_WITHDRAWAL,140008.0,,,5,1,,,,,"WFH - Taking care of a family member, elderly care, or childcare issues."
510,2025-04-06T16:00:19Z,150085.0,13/10/24,FULL,PENDING_WITHDRAWAL,151408.0,,,19,1,,,,,"WFH - Taking care of a family member, elderly care, or childcare issues."
511,2025-06-08T21:08:42Z,140879.0,22/10/24,AM,APPROVED,140001.0,,,62,1,,,,,OOO - Taking a day for self-care or to manage stress and prevent burnout.
512,2025-09-28T05:13:36Z,180012.0,19/10/24,AM,PENDING_APPROVAL,180001.0,,,45,1,,,,,OOO - Moving to a new home or handling logistics related to a recent move.
513,2025-02-17T13:43:21Z,180030.0,31/7/24,PM,REJECTED,180001.0,,,71,1,,,,,"WFH - Weather disruptions, transportation issues, or emergencies."
514,2025-05-29T01:16:09Z,171047.0,18/9/24,AM,WITHDRAWN,171029.0,,,79,1,,,,,WFH - Celebrating a religious holiday or participating in a faith-based event.
515,2024-11-10T03:55:14Z,190025.0,19/9/24,PM,APPROVED,150008.0,,,16,1,,,,,"OOO - Attending a family wedding, birthday, or significant milestone celebration."
516,2025-08-01T05:18:27Z,150075.0,24/8/24,PM,WITHDRAWN,151408.0,,,32,1,,,,,"WFH - Taking leave to attend a course, certification, or exam preparation."
517,2025-03-30T08:38:45Z,190036.0,31/7/24,PM,APPROVED,150008.0,,,24,1,,,,,"WFH - Personal health issues, dental or specialist appointments, routine check-ups, or recovery after minor surgery."
518,2025-06-17T08:31:31Z,190046.0,26/8/24,PM,CANCELLED,150008.0,,,80,1,,,,,WFH - Moving to a new home or handling logistics related to a recent move.
519,2025-10-08T04:53:03Z,190093.0,6/8/24,FULL,PENDING_WITHDRAWAL,150008.0,,,80,1,,,,,"WFH - Taking care of a family member, elderly care, or childcare issues."
520,2025-03-03T17:00:16Z,151590.0,22/9/24,FULL,PENDING_WITHDRAWAL,151408.0,,,74,1,,,,,"WFH - Attending a family wedding, birthday, or significant milestone celebration."
521,2025-04-28T16:26:03Z,151596.0,24/8/24,AM,REJECTED,151408.0,,,61,1,,,,,WFH - Celebrating a religious holiday or participating in a faith-based event.
522,2025-03-06T03:11:44Z,151563.0,19/7/24,AM,WITHDRAWN,151408.0,,,18,1,,,,,WFH - Celebrating a religious holiday or participating in a faith-based event.
523,2025-02-03T00:17:51Z,190096.0,16/9/24,PM,APPROVED,150008.0,,,4,1,,,,,"OOO - Taking care of a family member, elderly care, or childcare issues."
524,2025-11-10T06:59:41Z,151499.0,23/9/24,FULL,REJECTED,151408.0,,,27,1,,,,,"WFH - Handling important personal matters such as legal appointments, bank work, or home repairs."
525,2025-09-08T04:10:42Z,151469.0,6/8/24,AM,PENDING_WITHDRAWAL,151408.0,,,70,1,,,,,"WFH - Taking leave to attend a course, certification, or exam preparation."
526,2025-08-27T05:49:00Z,150076.0,23/9/24,FULL,WITHDRAWN,151408.0,,,47,1,,,,,"OOO - Personal health issues, dental or specialist appointments, routine check-ups, or recovery after minor surgery."
527,2025-09-08T15:58:46Z,190006.0,22/8/24,FULL,REJECTED,150008.0,,,46,1,,,,,WFH - Taking a day for self-care or to manage stress and prevent burnout.
528,2024-11-29T11:29:24Z,150866.0,24/7/24,AM,PENDING_WITHDRAWAL,151408.0,,,51,1,,,,,"WFH - Weather disruptions, transportation issues, or emergencies."
529,2025-02-11T09:34:13Z,150705.0,7/10/24,PM,REJECTED,151408.0,,,32,1,,,,,"WFH - Taking care of a family member, elderly care, or childcare issues."
530,2025-08-27T18:38:18Z,160145.0,17/7/24,AM,PENDING_WITHDRAWAL,160008.0,,,70,1,,,,,"WFH - Taking leave to attend a course, certification, or exam preparation."
531,2025-07-19T11:53:16Z,151448.0,5/8/24,PM,APPROVED,151408.0,,,38,1,,,,,"WFH - Taking leave to attend a course, certification, or exam preparation."
532,2024-12-22T22:41:38Z,190040.0,18/8/24,AM,CANCELLED,150008.0,,,51,1,,,,,WFH - Moving to a new home or handling logistics related to a recent move.
533,2025-09-17T01:13:17Z,151408.0,27/7/24,FULL,APPROVED,130002.0,,,81,1,,,,,WFH - Celebrating a religious holiday or participating in a faith-based event.
534,2025-11-13T20:15:35Z,140911.0,4/8/24,PM,WITHDRAWN,140944.0,,,53,1,,,,,"WFH - Attending a family wedding, birthday, or significant milestone celebration."
535,2025-10-31T19:17:41Z,151472.0,27/10/24,AM,APPROVED,151408.0,,,10,1,,,,,"WFH - Planned time off to recharge, travel, or enjoy a break."
536,2025-10-09T03:29:28Z,150198.0,22/8/24,FULL,APPROVED,151408.0,,,75,1,,,,,WFH - Moving to a new home or handling logistics related to a recent move.
537,2024-11-27T13:40:56Z,151452.0,24/10/24,PM,APPROVED,151408.0,,,50,1,,,,,"WFH - Handling important personal matters such as legal appointments, bank work, or home repairs."
538,2025-08-02T01:45:31Z,151584.0,1/8/24,FULL,PENDING_APPROVAL,151408.0,,,74,1,,,,,WFH - Taking a day for self-care or to manage stress and prevent burnout.
539,2025-08-29T03:19:06Z,171008.0,15/9/24,PM,APPROVED,171009.0,,,65,1,,,,,WFH - Taking a day for self-care or to manage stress and prevent burnout.
540,2024-12-01T20:27:51Z,160296.0,26/10/24,FULL,APPROVED,160008.0,,,10,1,,,,,"OOO - Planned time off to recharge, travel, or enjoy a break."
541,2025-01-10T08:13:15Z,150938.0,6/10/24,FULL,APPROVED,151408.0,,,75,1,,,,,"WFH - Personal health issues, dental or specialist appointments, routine check-ups, or recovery after minor surgery."
542,2025-06-24T04:15:56Z,150288.0,18/8/24,AM,PENDING_WITHDRAWAL,151408.0,,,8,1,,,,,"WFH - Taking leave to attend a course, certification, or exam preparation."
543,2025-08-23T19:13:01Z,171018.0,7/8/24,AM,CANCELLED,170166.0,,,5,1,,,,,"WFH - Attending a family wedding, birthday, or significant milestone celebration."
544,2025-11-07T19:39:55Z,150445.0,6/8/24,FULL,WITHDRAWN,151408.0,,,65,1,,,,,"OOO - Personal health issues, dental or specialist appointments, routine check-ups, or recovery after minor surgery."
545,2025-07-16T15:02:55Z,151428.0,22/10/24,PM,APPROVED,151408.0,,,10,1,,,,,WFH - Taking a day for self-care or to manage stress and prevent burnout.
546,2025-10-30T07:42:53Z,151410.0,10/7/24,AM,PENDING_APPROVAL,151408.0,,,79,1,,,,,WFH - Taking a day for self-care or to manage stress and prevent burnout.
547,2025-03-14T04:49:40Z,151447.0,21/9/24,PM,REJECTED,151408.0,,,24,1,,,,,"WFH - Weather disruptions, transportation issues, or emergencies."
548,2025-04-13T22:39:33Z,151428.0,30/7/24,PM,REJECTED,151408.0,,,37,1,,,,,"WFH - Attending a family wedding, birthday, or significant milestone celebration."
549,2024-12-02T23:07:12Z,190003.0,22/10/24,AM,PENDING_WITHDRAWAL,150008.0,,,79,1,,,,,WFH - Moving to a new home or handling logistics related to a recent move.
550,2025-11-05T22:59:26Z,150276.0,31/8/24,FULL,REJECTED,151408.0,,,42,1,,,,,"WFH - Handling important personal matters such as legal appointments, bank work, or home repairs."
551,2025-06-26T22:52:28Z,151541.0,24/8/24,FULL,APPROVED,151408.0,,,63,1,,,,,"WFH - Taking leave to attend a course, certification, or exam preparation."
552,2025-02-05T18:47:24Z,151559.0,6/9/24,FULL,WITHDRAWN,151408.0,,,49,1,,,,,"WFH - Handling important personal matters such as legal appointments, bank work, or home repairs."
553,2025-01-05T14:20:10Z,140925.0,22/10/24,PM,APPROVED,140944.0,,,12,1,,,,,"OOO - Attending a family wedding, birthday, or significant milestone celebration."
554,2025-09-07T11:52:42Z,140904.0,21/7/24,PM,WITHDRAWN,140944.0,,,42,1,,,,,WFH - Moving to a new home or handling logistics related to a recent move.
555,2025-07-23T20:13:58Z,151500.0,24/7/24,AM,PENDING_APPROVAL,151408.0,,,60,1,,,,,"WFH - Attending a family wedding, birthday, or significant milestone celebration."
556,2024-12-14T01:38:39Z,151408.0,24/7/24,PM,PENDING_APPROVAL,130002.0,,,24,1,,,,,"OOO - Taking care of a family member, elderly care, or childcare issues."
557,2025-07-10T11:59:26Z,160143.0,25/9/24,PM,CANCELLED,160008.0,,,81,1,,,,,"OOO - Weather disruptions, transportation issues, or emergencies."
558,2025-03-05T22:58:46Z,151477.0,30/9/24,AM,WITHDRAWN,151408.0,,,45,1,,,,,"WFH - Personal health issues, dental or specialist appointments, routine check-ups, or recovery after minor surgery."
559,2025-06-23T10:21:22Z,151508.0,8/8/24,AM,PENDING_APPROVAL,151408.0,,,59,1,,,,,WFH - Celebrating a religious holiday or participating in a faith-based event.
560,2025-07-28T17:04:45Z,171036.0,7/9/24,AM,PENDING_APPROVAL,171043.0,,,90,1,,,,,OOO - Celebrating a religious holiday or participating in a faith-based event.
561,2025-02-11T18:55:32Z,160313.0,29/9/24,AM,WITHDRAWN,160008.0,,,26,1,,,,,"WFH - Personal health issues, dental or specialist appointments, routine check-ups, or recovery after minor surgery."
562,2025-07-08T00:49:04Z,151448.0,28/7/24,PM,PENDING_APPROVAL,151408.0,,,31,1,,,,,"WFH - Planned time off to recharge, travel, or enjoy a break."
563,2025-04-16T05:09:36Z,151420.0,17/9/24,PM,PENDING_APPROVAL,151408.0,,,41,1,,,,,"WFH - Weather disruptions, transportation issues, or emergencies."
564,2025-08-20T06:17:49Z,151428.0,30/10/24,FULL,PENDING_WITHDRAWAL,151408.0,,,29,1,,,,,WFH - Moving to a new home or handling logistics related to a recent move.
565,2025-04-20T03:18:15Z,151198.0,4/8/24,PM,PENDING_APPROVAL,151408.0,,,69,1,,,,,"OOO - Weather disruptions, transportation issues, or emergencies."
566,2025-09-13T10:17:17Z,190067.0,2/8/24,FULL,CANCELLED,150008.0,,,96,1,,,,,WFH - Taking a day for self-care or to manage stress and prevent burnout.
567,2025-08-26T02:21:48Z,190026.0,20/10/24,PM,CANCELLED,150008.0,,,37,1,,,,,"WFH - Planned time off to recharge, travel, or enjoy a break."
568,2025-09-07T22:58:30Z,140881.0,29/10/24,FULL,WITHDRAWN,140008.0,,,63,1,,,,,OOO - Celebrating a religious holiday or participating in a faith-based event.
569,2025-04-18T05:18:30Z,151507.0,23/10/24,PM,CANCELLED,151408.0,,,23,1,,,,,"OOO - Weather disruptions, transportation issues, or emergencies."
570,2025-08-14T10:21:30Z,190078.0,3/9/24,AM,WITHDRAWN,150008.0,,,62,1,,,,,"WFH - Weather disruptions, transportation issues, or emergencies."
571,2025-08-04T17:26:54Z,180001.0,3/10/24,AM,REJECTED,130002.0,,,47,1,,,,,"WFH - Planned time off to recharge, travel, or enjoy a break."
572,2024-11-07T22:05:02Z,151466.0,29/7/24,PM,PENDING_WITHDRAWAL,151408.0,,,52,1,,,,,"WFH - Taking care of a family member, elderly care, or childcare issues."
573,2025-10-12T02:05:47Z,190032.0,15/7/24,AM,WITHDRAWN,150008.0,,,35,1,,,,,"OOO - Attending a family wedding, birthday, or significant milestone celebration."
574,2025-01-26T06:12:35Z,151600.0,8/7/24,FULL,PENDING_APPROVAL,151408.0,,,46,1,,,,,OOO - Taking a day for self-care or to manage stress and prevent burnout.
575,2025-06-07T00:54:03Z,140948.0,9/8/24,AM,PENDING_WITHDRAWAL,140879.0,,,54,1,,,,,WFH - Celebrating a religious holiday or participating in a faith-based event.
576,2025-05-04T20:41:59Z,190076.0,4/8/24,FULL,CANCELLED,150008.0,,,21,1,,,,,"WFH - Taking leave to attend a course, certification, or exam preparation."
577,2025-07-02T18:30:54Z,160323.0,16/7/24,PM,PENDING_APPROVAL,160008.0,,,99,1,,,,,"WFH - Weather disruptions, transportation issues, or emergencies."
578,2024-12-15T18:09:05Z,151536.0,3/9/24,FULL,PENDING_WITHDRAWAL,151408.0,,,51,1,,,,,WFH - Celebrating a religious holiday or participating in a faith-based event.
579,2025-02-27T13:05:33Z,150356.0,30/8/24,AM,APPROVED,151408.0,,,27,1,,,,,"WFH - Planned time off to recharge, travel, or enjoy a break."
580,2025-01-31T21:39:32Z,150245.0,23/8/24,PM,CANCELLED,151408.0,,,87,1,,,,,"WFH - Personal health issues, dental or specialist appointments, routine check-ups, or recovery after minor surgery."
581,2025-06-10T08:27:24Z,180021.0,28/8/24,AM,WITHDRAWN,180001.0,,,58,1,,,,,"WFH - Taking care of a family member, elderly care, or childcare issues."
582,2025-11-10T07:56:54Z,151582.0,29/8/24,FULL,APPROVED,151408.0,,,98,1,,,,,WFH - Celebrating a religious holiday or participating in a faith-based event.
583,2025-05-03T22:14:54Z,150826.0,24/8/24,AM,APPROVED,151408.0,,,82,1,,,,,"WFH - Attending a family wedding, birthday, or significant milestone celebration."
584,2025-08-25T03:05:45Z,151493.0,28/7/24,PM,PENDING_APPROVAL,151408.0,,,53,1,,,,,"WFH - Handling important personal matters such as legal appointments, bank work, or home repairs."
585,2024-12-16T14:59:25Z,151499.0,3/10/24,FULL,PENDING_WITHDRAWAL,151408.0,,,13,1,,,,,"WFH - Personal health issues, dental or specialist appointments, routine check-ups, or recovery after minor surgery."
586,2025-06-29T14:44:47Z,171010.0,22/10/24,AM,APPROVED,171014.0,,,58,1,,,,,"WFH - Handling important personal matters such as legal appointments, bank work, or home repairs."
587,2024-12-27T20:00:47Z,140937.0,9/7/24,PM,WITHDRAWN,140879.0,,,23,1,,,,,WFH - Moving to a new home or handling logistics related to a recent move.
588,2024-11-24T07:20:12Z,190049.0,1/10/24,FULL,CANCELLED,150008.0,,,27,1,,,,,OOO - Celebrating a religious holiday or participating in a faith-based event.
589,2025-04-16T13:48:54Z,151418.0,17/7/24,PM,APPROVED,151408.0,,,31,1,,,,,"OOO - Taking care of a family member, elderly care, or childcare issues."
590,2025-10-15T23:28:23Z,151476.0,19/8/25,PM,APPROVED,151408.0,,,48,1,,,,,"WFH - Attending a family wedding, birthday, or significant milestone celebration."
591,2025-06-26T22:29:49Z,190074.0,19/8/25,PM,PENDING_WITHDRAWAL,150008.0,,,8,1,,,,,WFH - Moving to a new home or handling logistics related to a recent move.
592,2025-08-22T16:34:18Z,151570.0,19/8/25,AM,PENDING_APPROVAL,151408.0,,,59,1,,,,,OOO - Moving to a new home or handling logistics related to a recent move.
593,2025-11-13T00:39:49Z,180033.0,19/8/25,AM,APPROVED,180001.0,,,60,1,,,,,WFH - Moving to a new home or handling logistics related to a recent move.
594,2025-03-16T17:10:41Z,150398.0,19/8/25,FULL,APPROVED,151408.0,,,4,1,,,,,"WFH - Taking leave to attend a course, certification, or exam preparation."
595,2025-05-21T15:34:23Z,130002.0,19/8/25,FULL,PENDING_WITHDRAWAL,130002.0,,,68,1,,,,,"OOO - Attending a family wedding, birthday, or significant milestone celebration."
596,2025-09-23T23:26:53Z,160313.0,19/8/25,AM,APPROVED,160008.0,,,60,1,,,,,OOO - Celebrating a religious holiday or participating in a faith-based event.
597,2024-12-19T07:33:14Z,151198.0,19/8/25,PM,APPROVED,151408.0,,,12,1,,,,,"WFH - Taking leave to attend a course, certification, or exam preparation."
598,2025-01-14T11:35:05Z,140934.0,19/8/25,FULL,APPROVED,140879.0,,,1,1,,,,,WFH - Moving to a new home or handling logistics related to a recent move.
599,2025-10-16T02:48:16Z,151537.0,19/8/25,PM,PENDING_APPROVAL,151408.0,,,28,1,,,,,"WFH - Planned time off to recharge, travel, or enjoy a break."
600,2025-03-20T17:02:11Z,151590.0,19/8/25,FULL,APPROVED,151408.0,,,62,1,,,,,"WFH - Attending a family wedding, birthday, or significant milestone celebration."
601,2025-05-21T15:34:23Z,,19/8/25,FULL,CANCELLED,,,,109,1,,,,,WFH - Celebrating a religious holiday or participating in a faith-based event.
602,2025-09-23T23:26:53Z,,19/8/25,FULL,APPROVED,,,,174,1,,,,,"WFH - Weather disruptions, transportation issues, or emergencies."
603,2024-12-19T07:33:14Z,,19/8/25,AM,PENDING_APPROVAL,,,,226,1,,,,,"OOO - Personal health issues, dental or specialist appointments, routine check-ups, or recovery after minor surgery."
604,2025-01-14T11:35:05Z,,19/8/25,PM,PENDING_WITHDRAWAL,,,,211,1,,,,,"OOO - Taking leave to attend a course, certification, or exam preparation."
605,2025-10-16T02:48:16Z,,19/8/25,FULL,WITHDRAWN,,,,206,1,,,,,"WFH - Planned time off to recharge, travel, or enjoy a break."
606,2025-03-20T17:02:11Z,,19/8/25,FULL,WITHDRAWN,,,,238,1,,,,,"WFH - Planned time off to recharge, travel, or enjoy a break."
607,2025-05-21T15:34:23Z,,19/8/25,AM,CANCELLED,,,,102,1,,,,,WFH - Celebrating a religious holiday or participating in a faith-based event.
608,2025-09-23T23:26:53Z,,19/8/25,PM,APPROVED,,,,216,1,,,,,"OOO - Taking leave to attend a course, certification, or exam preparation."
609,2024-12-19T07:33:14Z,,19/8/25,FULL,PENDING_APPROVAL,,,,157,1,,,,,WFH - Celebrating a religious holiday or participating in a faith-based event.
610,2025-01-14T11:35:05Z,,19/8/25,FULL,PENDING_WITHDRAWAL,,,,286,1,,,,,"OOO - Attending a family wedding, birthday, or significant milestone celebration."
611,2025-10-16T02:48:16Z,,19/8/25,AM,APPROVED,,,,220,1,,,,,"OOO - Personal health issues, dental or specialist appointments, routine check-ups, or recovery after minor surgery."
612,2025-03-20T17:02:11Z,,19/8/25,PM,APPROVED,,,,131,1,,,,,"OOO - Planned time off to recharge, travel, or enjoy a break."
613,2025-05-21T15:34:23Z,,19/8/25,FULL,PENDING_WITHDRAWAL,,,,135,1,,,,,"WFH - Taking care of a family member, elderly care, or childcare issues."
614,2025-09-23T23:26:53Z,,19/8/25,FULL,CANCELLED,,,,178,1,,,,,"WFH - Taking leave to attend a course, certification, or exam preparation."
615,2024-12-19T07:33:14Z,,19/8/25,AM,PENDING_APPROVAL,,,,244,1,,,,,"OOO - Attending a family wedding, birthday, or significant milestone celebration."
616,2025-01-14T11:35:05Z,,19/8/25,PM,APPROVED,,,,162,1,,,,,"WFH - Planned time off to recharge, travel, or enjoy a break."
617,2025-10-16T02:48:16Z,,19/8/25,FULL,WITHDRAWN,,,,131,1,,,,,"OOO - Weather disruptions, transportation issues, or emergencies."
618,2025-03-20T17:02:11Z,,19/8/25,FULL,PENDING_WITHDRAWAL,,,,225,1,,,,,"WFH - Attending a family wedding, birthday, or significant milestone celebration."
619,2025-05-21T15:34:23Z,,19/8/25,AM,APPROVED,,,,291,1,,,,,"WFH - Taking leave to attend a course, certification, or exam preparation."
620,2025-09-23T23:26:53Z,,19/8/25,PM,APPROVED,,,,143,1,,,,,WFH - Moving to a new home or handling logistics related to a recent move.
621,2024-12-19T07:33:14Z,,19/8/25,FULL,WITHDRAWN,,,,200,1,,,,,"WFH - Handling important personal matters such as legal appointments, bank work, or home repairs."
622,2025-01-14T11:35:05Z,,19/8/25,FULL,PENDING_APPROVAL,,,,121,1,,,,,WFH - Moving to a new home or handling logistics related to a recent move.
623,2025-10-16T02:48:16Z,,19/8/25,AM,APPROVED,,,,127,1,,,,,OOO - Celebrating a religious holiday or participating in a faith-based event.
624,2025-03-20T17:02:11Z,,19/8/25,PM,APPROVED,,,,211,1,,,,,"WFH - Taking leave to attend a course, certification, or exam preparation."
